Date,Traffic source,Average view duration
2026-01-01,Direct or unknown,0:00:00
2026-01-02,Direct or unknown,0:00:00
2026-01-03,Direct or unknown,0:00:00
2026-01-04,Direct or unknown,0:00:00
2026-01-05,Direct or unknown,0:00:00
2026-01-06,Direct or unknown,0:00:00
2026-01-07,Direct or unknown,0:00:00
2026-01-08,Direct or unknown,0:00:00
2026-01-09,Direct or unknown,0:00:00
2026-01-10,Direct or unknown,0:00:00
2026-01-11,Direct or unknown,0:00:00
2026-01-12,Direct or unknown,0:00:00
2026-01-13,Direct or unknown,0:00:00
2026-01-14,Direct or unknown,0:00:00
2026-01-15,Direct or unknown,0:00:00
2026-01-16,Direct or unknown,0:00:00
2026-01-17,Direct or unknown,0:00:00
2026-01-18,Direct or unknown,0:00:00
2026-01-19,Direct or unknown,0:00:00
2026-01-20,Direct or unknown,0:00:00
2026-01-21,Direct or unknown,0:00:00
2026-01-22,Direct or unknown,0:00:00
2026-01-23,Direct or unknown,0:00:00
2026-01-24,Direct or unknown,0:00:00
2026-01-25,Direct or unknown,0:00:00
2026-01-26,Direct or unknown,0:00:00
2026-01-27,Direct or unknown,0:00:00
2026-01-28,Direct or unknown,0:00:00
2026-01-29,Direct or unknown,0:00:00
2026-01-30,Direct or unknown,0:00:00
2026-01-31,Direct or unknown,0:00:00
2026-02-01,Direct or unknown,0:00:00
2026-02-02,Direct or unknown,0:00:00
2026-02-03,Direct or unknown,0:00:00
2026-02-04,Direct or unknown,0:00:00
2026-02-05,Direct or unknown,0:00:00
2026-02-06,Direct or unknown,0:00:00
2026-02-07,Direct or unknown,0:00:00
2026-02-08,Direct or unknown,0:00:00
2026-02-09,Direct or unknown,0:00:00
2026-02-10,Direct or unknown,0:00:00
2026-02-11,Direct or unknown,0:00:00
2026-02-12,Direct or unknown,0:00:00
2026-02-13,Direct or unknown,0:00:00
2026-02-14,Direct or unknown,0:00:00
2026-02-15,Direct or unknown,0:00:00
2026-02-16,Direct or unknown,0:00:00
2026-02-17,Direct or unknown,0:00:00
2026-02-18,Direct or unknown,0:00:00
2026-02-19,Direct or unknown,0:00:00
2026-02-20,Direct or unknown,0:00:00
2026-02-21,Direct or unknown,0:00:00
2026-02-22,Direct or unknown,0:00:20
2026-02-23,Direct or unknown,0:00:12
2026-02-24,Direct or unknown,0:00:22
2026-02-25,Direct or unknown,0:10:41
2026-02-26,Direct or unknown,0:17:43
2026-02-27,Direct or unknown,0:00:22
2026-02-28,Direct or unknown,
2026-03-01,Direct or unknown,0:00:00
2026-03-02,Direct or unknown,0:13:53
2026-03-03,Direct or unknown,
2026-03-04,Direct or unknown,
2026-03-05,Direct or unknown,0:00:00
2026-03-06,Direct or unknown,
2026-03-07,Direct or unknown,
2026-03-08,Direct or unknown,
2026-03-09,Direct or unknown,
2026-03-10,Direct or unknown,
2026-03-11,Direct or unknown,0:00:11
2026-03-12,Direct or unknown,0:00:00
2026-03-13,Direct or unknown,0:00:00
2026-03-14,Direct or unknown,
2026-03-15,Direct or unknown,0:00:00
2026-03-16,Direct or unknown,0:00:35
2026-03-17,Direct or unknown,0:00:53
2026-03-18,Direct or unknown,0:00:00
2026-03-19,Direct or unknown,0:00:00
2026-03-20,Direct or unknown,0:00:00
2026-03-21,Direct or unknown,0:02:58
2026-03-22,Direct or unknown,0:00:00
2026-03-23,Direct or unknown,0:00:00
2026-03-24,Direct or unknown,0:20:55
2026-03-25,Direct or unknown,0:00:00
2026-03-26,Direct or unknown,0:00:00
2026-03-27,Direct or unknown,
2026-03-28,Direct or unknown,
2026-03-29,Direct or unknown,0:25:34
2026-03-30,Direct or unknown,
2026-03-31,Direct or unknown,0:00:00
2026-04-01,Direct or unknown,0:00:00
2026-04-02,Direct or unknown,0:00:00
2026-04-03,Direct or unknown,0:00:00
2026-04-04,Direct or unknown,0:00:00
2026-04-05,Direct or unknown,
2026-04-06,Direct or unknown,0:00:00
2026-04-07,Direct or unknown,
2026-04-08,Direct or unknown,0:00:00
2026-04-09,Direct or unknown,0:00:00
2026-04-10,Direct or unknown,
2026-04-11,Direct or unknown,
2026-04-12,Direct or unknown,0:08:14
2026-04-13,Direct or unknown,0:00:22
2026-04-14,Direct or unknown,0:00:00
2026-04-15,Direct or unknown,0:00:00
2026-04-16,Direct or unknown,0:00:00
2026-04-17,Direct or unknown,0:00:00
2026-04-18,Direct or unknown,0:00:00
2026-04-19,Direct or unknown,0:00:00
2026-04-20,Direct or unknown,0:00:00
2026-04-21,Direct or unknown,0:00:00
2026-04-22,Direct or unknown,
2026-04-23,Direct or unknown,0:00:00
2026-04-24,Direct or unknown,0:00:00
2026-04-25,Direct or unknown,0:00:00
2026-04-26,Direct or unknown,0:00:00
2026-04-27,Direct or unknown,0:00:00
2026-04-28,Direct or unknown,0:00:00
2026-04-29,Direct or unknown,0:00:08
2026-04-30,Direct or unknown,0:00:00
2026-05-01,Direct or unknown,0:00:00
2026-05-02,Direct or unknown,0:00:00
2026-05-03,Direct or unknown,0:00:00
2026-05-04,Direct or unknown,0:00:00
2026-05-05,Direct or unknown,
2026-05-06,Direct or unknown,0:00:00
2026-05-07,Direct or unknown,0:00:00
2026-05-08,Direct or unknown,0:00:00
2026-05-09,Direct or unknown,0:00:00
2026-05-10,Direct or unknown,
2026-05-11,Direct or unknown,0:00:00
2026-05-12,Direct or unknown,0:00:00
2026-05-13,Direct or unknown,
2026-05-14,Direct or unknown,0:00:01
2026-05-15,Direct or unknown,0:00:00
2026-05-16,Direct or unknown,0:00:00
2026-05-17,Direct or unknown,0:00:00
2026-05-18,Direct or unknown,0:00:00
2026-05-19,Direct or unknown,0:00:20
2026-05-20,Direct or unknown,0:00:00
2026-05-21,Direct or unknown,0:00:00
2026-05-22,Direct or unknown,0:00:00
2026-05-23,Direct or unknown,0:00:00
2026-05-24,Direct or unknown,0:36:43
2026-05-25,Direct or unknown,0:00:39
2026-05-26,Direct or unknown,0:10:49
2026-05-27,Direct or unknown,0:31:12
2026-05-28,Direct or unknown,0:00:53
2026-05-29,Direct or unknown,0:00:06
2026-05-30,Direct or unknown,0:00:07
2026-05-31,Direct or unknown,
2026-06-01,Direct or unknown,0:20:32
2026-06-02,Direct or unknown,0:00:00
2026-06-03,Direct or unknown,0:00:50
2026-06-04,Direct or unknown,
2026-06-05,Direct or unknown,0:01:50
2026-06-06,Direct or unknown,
2026-06-07,Direct or unknown,0:32:35
2026-06-08,Direct or unknown,0:09:10
2026-06-09,Direct or unknown,
2026-06-10,Direct or unknown,0:00:05
2026-06-11,Direct or unknown,
2026-06-12,Direct or unknown,0:00:02
2026-06-13,Direct or unknown,
2026-06-14,Direct or unknown,
2026-06-15,Direct or unknown,0:00:03
2026-06-16,Direct or unknown,
2026-06-17,Direct or unknown,0:00:34
2026-06-18,Direct or unknown,0:00:00
2026-06-19,Direct or unknown,0:00:09
2026-06-20,Direct or unknown,
2026-06-21,Direct or unknown,
2026-06-22,Direct or unknown,
2026-06-23,Direct or unknown,
2026-06-24,Direct or unknown,
2026-06-25,Direct or unknown,
2026-06-26,Direct or unknown,
2026-06-27,Direct or unknown,
2026-06-28,Direct or unknown,
2026-06-29,Direct or unknown,
2026-06-30,Direct or unknown,
2026-07-01,Direct or unknown,
2026-07-02,Direct or unknown,
2026-07-03,Direct or unknown,
2026-07-04,Direct or unknown,
2026-07-05,Direct or unknown,
2026-07-06,Direct or unknown,
2026-07-07,Direct or unknown,
2026-07-08,Direct or unknown,
2026-07-09,Direct or unknown,
2026-07-10,Direct or unknown,
2026-07-11,Direct or unknown,
2026-07-12,Direct or unknown,
2026-07-13,Direct or unknown,
2026-07-14,Direct or unknown,
2026-07-15,Direct or unknown,
2026-07-16,Direct or unknown,
2026-07-17,Direct or unknown,
2026-07-18,Direct or unknown,
2026-07-19,Direct or unknown,
2026-07-20,Direct or unknown,
2026-07-21,Direct or unknown,0:00:00
2026-07-22,Direct or unknown,
2026-07-23,Direct or unknown,
2026-07-24,Direct or unknown,0:00:03
2026-07-25,Direct or unknown,
2026-07-26,Direct or unknown,
2026-07-27,Direct or unknown,0:00:06
2026-07-28,Direct or unknown,0:01:23
2026-07-29,Direct or unknown,
2026-07-30,Direct or unknown,0:00:00
2026-07-31,Direct or unknown,
2026-08-01,Direct or unknown,
2026-08-02,Direct or unknown,
2026-08-03,Direct or unknown,
2026-08-04,Direct or unknown,
2026-08-05,Direct or unknown,
2026-08-06,Direct or unknown,
2026-08-07,Direct or unknown,
2026-08-08,Direct or unknown,0:00:00
2026-08-09,Direct or unknown,
2026-08-10,Direct or unknown,
2026-08-11,Direct or unknown,
2026-08-12,Direct or unknown,0:08:13
2026-08-13,Direct or unknown,0:26:11
2026-08-14,Direct or unknown,0:23:38
2026-08-15,Direct or unknown,
2026-08-16,Direct or unknown,
2026-08-17,Direct or unknown,0:00:05
2026-08-18,Direct or unknown,
2026-08-19,Direct or unknown,
2026-08-20,Direct or unknown,
2026-08-21,Direct or unknown,0:00:01
2026-08-22,Direct or unknown,
2026-08-23,Direct or unknown,
2026-08-24,Direct or unknown,
2026-08-25,Direct or unknown,
2026-08-26,Direct or unknown,0:00:01
2026-08-27,Direct or unknown,
2026-08-28,Direct or unknown,
2026-08-29,Direct or unknown,0:07:33
2026-08-30,Direct or unknown,
2026-08-31,Direct or unknown,0:26:32
2026-09-01,Direct or unknown,0:52:28
2026-09-02,Direct or unknown,1:03:05
2026-09-03,Direct or unknown,0:02:26
2026-09-04,Direct or unknown,0:05:57
2026-09-05,Direct or unknown,
2026-09-06,Direct or unknown,0:00:05
2026-09-07,Direct or unknown,
2026-09-08,Direct or unknown,0:00:28
2026-09-09,Direct or unknown,0:03:04
2026-09-10,Direct or unknown,0:21:47
2026-01-01,Browse features,0:00:00
2026-01-02,Browse features,0:00:00
2026-01-03,Browse features,0:00:00
2026-01-04,Browse features,0:00:00
2026-01-05,Browse features,0:00:00
2026-01-06,Browse features,0:00:00
2026-01-07,Browse features,0:00:00
2026-01-08,Browse features,0:00:00
2026-01-09,Browse features,0:00:00
2026-01-10,Browse features,0:00:00
2026-01-11,Browse features,0:00:00
2026-01-12,Browse features,0:00:00
2026-01-13,Browse features,0:00:00
2026-01-14,Browse features,0:00:00
2026-01-15,Browse features,0:00:00
2026-01-16,Browse features,0:00:00
2026-01-17,Browse features,0:00:00
2026-01-18,Browse features,0:00:00
2026-01-19,Browse features,0:00:00
2026-01-20,Browse features,0:00:00
2026-01-21,Browse features,0:00:00
2026-01-22,Browse features,0:00:00
2026-01-23,Browse features,0:00:00
2026-01-24,Browse features,0:00:00
2026-01-25,Browse features,0:00:00
2026-01-26,Browse features,0:00:00
2026-01-27,Browse features,0:00:00
2026-01-28,Browse features,0:00:00
2026-01-29,Browse features,0:00:00
2026-01-30,Browse features,0:00:00
2026-01-31,Browse features,0:00:00
2026-02-01,Browse features,0:00:00
2026-02-02,Browse features,0:00:00
2026-02-03,Browse features,0:00:00
2026-02-04,Browse features,0:00:00
2026-02-05,Browse features,0:00:00
2026-02-06,Browse features,0:00:00
2026-02-07,Browse features,0:00:00
2026-02-08,Browse features,0:00:00
2026-02-09,Browse features,0:00:00
2026-02-10,Browse features,0:00:00
2026-02-11,Browse features,0:00:00
2026-02-12,Browse features,0:00:00
2026-02-13,Browse features,0:00:00
2026-02-14,Browse features,0:00:00
2026-02-15,Browse features,0:00:00
2026-02-16,Browse features,0:00:00
2026-02-17,Browse features,0:00:00
2026-02-18,Browse features,0:00:00
2026-02-19,Browse features,0:00:00
2026-02-20,Browse features,0:00:00
2026-02-21,Browse features,0:00:00
2026-02-22,Browse features,0:00:20
2026-02-23,Browse features,0:00:13
2026-02-24,Browse features,0:00:00
2026-02-25,Browse features,0:00:00
2026-02-26,Browse features,0:00:00
2026-02-27,Browse features,0:00:00
2026-02-28,Browse features,0:00:00
2026-03-01,Browse features,0:00:00
2026-03-02,Browse features,0:00:12
2026-03-03,Browse features,0:00:00
2026-03-04,Browse features,0:13:05
2026-03-05,Browse features,0:04:30
2026-03-06,Browse features,0:00:00
2026-03-07,Browse features,0:00:58
2026-03-08,Browse features,0:00:59
2026-03-09,Browse features,0:23:11
2026-03-10,Browse features,0:00:04
2026-03-11,Browse features,0:00:00
2026-03-12,Browse features,0:00:00
2026-03-13,Browse features,0:00:00
2026-03-14,Browse features,0:00:00
2026-03-15,Browse features,0:00:00
2026-03-16,Browse features,0:00:49
2026-03-17,Browse features,0:13:06
2026-03-18,Browse features,0:00:20
2026-03-19,Browse features,0:00:00
2026-03-20,Browse features,0:00:12
2026-03-21,Browse features,0:00:52
2026-03-22,Browse features,0:00:00
2026-03-23,Browse features,0:00:46
2026-03-24,Browse features,0:06:33
2026-03-25,Browse features,0:00:00
2026-03-26,Browse features,0:00:00
2026-03-27,Browse features,0:00:05
2026-03-28,Browse features,0:00:00
2026-03-29,Browse features,0:00:00
2026-03-30,Browse features,0:00:00
2026-03-31,Browse features,0:00:00
2026-04-01,Browse features,0:00:00
2026-04-02,Browse features,0:00:00
2026-04-03,Browse features,0:00:00
2026-04-04,Browse features,0:00:00
2026-04-05,Browse features,0:00:00
2026-04-06,Browse features,0:00:00
2026-04-07,Browse features,0:00:00
2026-04-08,Browse features,0:00:00
2026-04-09,Browse features,0:00:00
2026-04-10,Browse features,0:00:00
2026-04-11,Browse features,0:00:00
2026-04-12,Browse features,0:00:00
2026-04-13,Browse features,0:00:00
2026-04-14,Browse features,0:00:00
2026-04-15,Browse features,0:00:00
2026-04-16,Browse features,0:00:00
2026-04-17,Browse features,0:00:00
2026-04-18,Browse features,0:00:00
2026-04-19,Browse features,0:00:00
2026-04-20,Browse features,0:00:00
2026-04-21,Browse features,0:00:00
2026-04-22,Browse features,0:00:00
2026-04-23,Browse features,0:00:00
2026-04-24,Browse features,0:00:21
2026-04-25,Browse features,0:00:00
2026-04-26,Browse features,0:00:00
2026-04-27,Browse features,0:00:00
2026-04-28,Browse features,0:00:00
2026-04-29,Browse features,0:00:00
2026-04-30,Browse features,0:00:00
2026-05-01,Browse features,0:00:00
2026-05-02,Browse features,0:00:00
2026-05-03,Browse features,0:00:00
2026-05-04,Browse features,0:00:00
2026-05-05,Browse features,0:00:00
2026-05-06,Browse features,0:00:00
2026-05-07,Browse features,0:00:00
2026-05-08,Browse features,0:00:00
2026-05-09,Browse features,0:00:00
2026-05-10,Browse features,0:23:13
2026-05-11,Browse features,0:00:00
2026-05-12,Browse features,0:00:00
2026-05-13,Browse features,0:00:00
2026-05-14,Browse features,0:00:00
2026-05-15,Browse features,0:00:00
2026-05-16,Browse features,0:00:00
2026-05-17,Browse features,0:00:00
2026-05-18,Browse features,0:00:00
2026-05-19,Browse features,0:00:00
2026-05-20,Browse features,0:00:00
2026-05-21,Browse features,0:00:00
2026-05-22,Browse features,0:00:00
2026-05-23,Browse features,0:00:00
2026-05-24,Browse features,0:00:00
2026-05-25,Browse features,0:12:14
2026-05-26,Browse features,0:18:05
2026-05-27,Browse features,0:16:13
2026-05-28,Browse features,0:00:09
2026-05-29,Browse features,0:20:17
2026-05-30,Browse features,0:00:18
2026-05-31,Browse features,0:07:48
2026-06-01,Browse features,0:00:26
2026-06-02,Browse features,0:00:27
2026-06-03,Browse features,0:24:27
2026-06-04,Browse features,0:06:15
2026-06-05,Browse features,0:01:57
2026-06-06,Browse features,0:19:09
2026-06-07,Browse features,0:00:36
2026-06-08,Browse features,0:21:27
2026-06-09,Browse features,0:01:02
2026-06-10,Browse features,0:00:37
2026-06-11,Browse features,0:01:06
2026-06-12,Browse features,0:00:00
2026-06-13,Browse features,0:00:00
2026-06-14,Browse features,0:00:00
2026-06-15,Browse features,0:00:11
2026-06-16,Browse features,0:00:00
2026-06-17,Browse features,0:00:00
2026-06-18,Browse features,0:00:29
2026-06-19,Browse features,0:07:46
2026-06-20,Browse features,0:04:11
2026-06-21,Browse features,0:00:48
2026-06-22,Browse features,0:08:17
2026-06-23,Browse features,0:00:00
2026-06-24,Browse features,0:00:00
2026-06-25,Browse features,0:00:00
2026-06-26,Browse features,0:00:00
2026-06-27,Browse features,0:00:00
2026-06-28,Browse features,0:00:03
2026-06-29,Browse features,0:00:00
2026-06-30,Browse features,0:00:21
2026-07-01,Browse features,0:00:00
2026-07-02,Browse features,0:32:19
2026-07-03,Browse features,0:27:16
2026-07-04,Browse features,0:09:35
2026-07-05,Browse features,0:00:00
2026-07-06,Browse features,0:00:00
2026-07-07,Browse features,0:00:00
2026-07-08,Browse features,0:00:00
2026-07-09,Browse features,0:00:00
2026-07-10,Browse features,0:00:00
2026-07-11,Browse features,0:00:00
2026-07-12,Browse features,0:00:00
2026-07-13,Browse features,0:00:00
2026-07-14,Browse features,0:00:00
2026-07-15,Browse features,0:00:00
2026-07-16,Browse features,0:00:00
2026-07-17,Browse features,0:00:00
2026-07-18,Browse features,0:00:00
2026-07-19,Browse features,0:00:00
2026-07-20,Browse features,0:00:08
2026-07-21,Browse features,0:04:00
2026-07-22,Browse features,0:25:45
2026-07-23,Browse features,0:21:16
2026-07-24,Browse features,0:10:24
2026-07-25,Browse features,0:06:53
2026-07-26,Browse features,0:02:12
2026-07-27,Browse features,0:00:00
2026-07-28,Browse features,0:00:00
2026-07-29,Browse features,0:15:13
2026-07-30,Browse features,0:00:00
2026-07-31,Browse features,0:00:00
2026-08-01,Browse features,0:00:00
2026-08-02,Browse features,0:01:19
2026-08-03,Browse features,0:00:00
2026-08-04,Browse features,0:00:00
2026-08-05,Browse features,0:00:00
2026-08-06,Browse features,0:00:00
2026-08-07,Browse features,0:00:00
2026-08-08,Browse features,0:00:00
2026-08-09,Browse features,0:00:00
2026-08-10,Browse features,0:00:00
2026-08-11,Browse features,0:00:00
2026-08-12,Browse features,0:00:00
2026-08-13,Browse features,0:32:01
2026-08-14,Browse features,0:00:00
2026-08-15,Browse features,0:00:00
2026-08-16,Browse features,0:00:00
2026-08-17,Browse features,0:00:00
2026-08-18,Browse features,0:00:00
2026-08-19,Browse features,1:00:12
2026-08-20,Browse features,0:00:00
2026-08-21,Browse features,0:00:00
2026-08-22,Browse features,0:00:00
2026-08-23,Browse features,0:00:12
2026-08-24,Browse features,0:00:00
2026-08-25,Browse features,0:00:27
2026-08-26,Browse features,0:00:00
2026-08-27,Browse features,0:00:00
2026-08-28,Browse features,
2026-08-29,Browse features,0:01:10
2026-08-30,Browse features,0:01:17
2026-08-31,Browse features,0:00:00
2026-09-01,Browse features,
2026-09-02,Browse features,0:12:59
2026-09-03,Browse features,0:13:27
2026-09-04,Browse features,0:00:04
2026-09-05,Browse features,0:31:23
2026-09-06,Browse features,0:00:11
2026-09-07,Browse features,0:00:10
2026-09-08,Browse features,0:00:00
2026-09-09,Browse features,0:20:45
2026-09-10,Browse features,0:10:17
2026-01-01,Channel pages,0:00:00
2026-01-02,Channel pages,0:00:00
2026-01-03,Channel pages,0:00:00
2026-01-04,Channel pages,0:00:00
2026-01-05,Channel pages,0:00:00
2026-01-06,Channel pages,0:00:00
2026-01-07,Channel pages,0:00:00
2026-01-08,Channel pages,0:00:00
2026-01-09,Channel pages,0:00:00
2026-01-10,Channel pages,0:00:00
2026-01-11,Channel pages,0:00:00
2026-01-12,Channel pages,0:00:00
2026-01-13,Channel pages,0:00:00
2026-01-14,Channel pages,0:00:00
2026-01-15,Channel pages,0:00:00
2026-01-16,Channel pages,0:00:00
2026-01-17,Channel pages,0:00:00
2026-01-18,Channel pages,0:00:00
2026-01-19,Channel pages,0:00:00
2026-01-20,Channel pages,0:00:00
2026-01-21,Channel pages,0:00:00
2026-01-22,Channel pages,0:00:00
2026-01-23,Channel pages,0:00:00
2026-01-24,Channel pages,0:00:00
2026-01-25,Channel pages,0:00:00
2026-01-26,Channel pages,0:00:00
2026-01-27,Channel pages,0:00:00
2026-01-28,Channel pages,0:00:00
2026-01-29,Channel pages,0:00:00
2026-01-30,Channel pages,0:00:00
2026-01-31,Channel pages,0:00:00
2026-02-01,Channel pages,0:00:00
2026-02-02,Channel pages,0:00:00
2026-02-03,Channel pages,0:00:00
2026-02-04,Channel pages,0:00:00
2026-02-05,Channel pages,0:00:00
2026-02-06,Channel pages,0:00:00
2026-02-07,Channel pages,0:00:00
2026-02-08,Channel pages,0:00:00
2026-02-09,Channel pages,0:00:00
2026-02-10,Channel pages,0:00:00
2026-02-11,Channel pages,0:00:00
2026-02-12,Channel pages,0:00:00
2026-02-13,Channel pages,0:00:00
2026-02-14,Channel pages,0:00:00
2026-02-15,Channel pages,0:00:00
2026-02-16,Channel pages,0:00:00
2026-02-17,Channel pages,0:00:00
2026-02-18,Channel pages,0:00:00
2026-02-19,Channel pages,0:00:00
2026-02-20,Channel pages,0:00:00
2026-02-21,Channel pages,0:00:00
2026-02-22,Channel pages,0:00:09
2026-02-23,Channel pages,0:19:08
2026-02-24,Channel pages,0:07:16
2026-02-25,Channel pages,0:14:13
2026-02-26,Channel pages,0:17:30
2026-02-27,Channel pages,0:05:17
2026-02-28,Channel pages,0:00:00
2026-03-01,Channel pages,0:00:00
2026-03-02,Channel pages,0:11:31
2026-03-03,Channel pages,0:07:43
2026-03-04,Channel pages,0:07:17
2026-03-05,Channel pages,0:10:19
2026-03-06,Channel pages,0:03:22
2026-03-07,Channel pages,0:00:00
2026-03-08,Channel pages,0:06:35
2026-03-09,Channel pages,0:35:22
2026-03-10,Channel pages,0:00:08
2026-03-11,Channel pages,0:00:00
2026-03-12,Channel pages,0:01:02
2026-03-13,Channel pages,0:00:00
2026-03-14,Channel pages,0:28:29
2026-03-15,Channel pages,0:00:00
2026-03-16,Channel pages,0:00:00
2026-03-17,Channel pages,0:10:03
2026-03-18,Channel pages,0:00:06
2026-03-19,Channel pages,0:00:10
2026-03-20,Channel pages,0:09:55
2026-03-21,Channel pages,0:00:00
2026-03-22,Channel pages,0:26:16
2026-03-23,Channel pages,0:24:17
2026-03-24,Channel pages,0:39:18
2026-03-25,Channel pages,0:00:00
2026-03-26,Channel pages,0:00:00
2026-03-27,Channel pages,0:00:23
2026-03-28,Channel pages,0:01:39
2026-03-29,Channel pages,0:03:47
2026-03-30,Channel pages,0:03:47
2026-03-31,Channel pages,0:00:00
2026-04-01,Channel pages,0:00:00
2026-04-02,Channel pages,0:00:00
2026-04-03,Channel pages,0:00:00
2026-04-04,Channel pages,0:06:34
2026-04-05,Channel pages,1:37:49
2026-04-06,Channel pages,0:00:00
2026-04-07,Channel pages,0:00:00
2026-04-08,Channel pages,0:00:00
2026-04-09,Channel pages,0:00:01
2026-04-10,Channel pages,0:02:57
2026-04-11,Channel pages,0:00:00
2026-04-12,Channel pages,0:15:00
2026-04-13,Channel pages,0:01:08
2026-04-14,Channel pages,0:00:00
2026-04-15,Channel pages,0:00:04
2026-04-16,Channel pages,0:00:00
2026-04-17,Channel pages,0:00:00
2026-04-18,Channel pages,0:00:00
2026-04-19,Channel pages,0:00:00
2026-04-20,Channel pages,0:00:00
2026-04-21,Channel pages,0:00:00
2026-04-22,Channel pages,0:08:09
2026-04-23,Channel pages,0:00:00
2026-04-24,Channel pages,0:00:00
2026-04-25,Channel pages,0:00:00
2026-04-26,Channel pages,0:00:00
2026-04-27,Channel pages,0:00:00
2026-04-28,Channel pages,0:00:00
2026-04-29,Channel pages,0:00:00
2026-04-30,Channel pages,0:00:00
2026-05-01,Channel pages,0:00:00
2026-05-02,Channel pages,0:00:00
2026-05-03,Channel pages,0:00:00
2026-05-04,Channel pages,0:17:32
2026-05-05,Channel pages,0:00:46
2026-05-06,Channel pages,0:00:00
2026-05-07,Channel pages,0:00:00
2026-05-08,Channel pages,0:00:00
2026-05-09,Channel pages,0:00:00
2026-05-10,Channel pages,0:25:14
2026-05-11,Channel pages,0:00:00
2026-05-12,Channel pages,0:00:00
2026-05-13,Channel pages,0:00:00
2026-05-14,Channel pages,0:00:00
2026-05-15,Channel pages,0:00:00
2026-05-16,Channel pages,0:01:39
2026-05-17,Channel pages,0:00:00
2026-05-18,Channel pages,0:00:00
2026-05-19,Channel pages,1:16:32
2026-05-20,Channel pages,0:00:00
2026-05-21,Channel pages,0:00:00
2026-05-22,Channel pages,0:00:00
2026-05-23,Channel pages,0:00:00
2026-05-24,Channel pages,0:16:31
2026-05-25,Channel pages,0:21:29
2026-05-26,Channel pages,0:13:07
2026-05-27,Channel pages,0:18:35
2026-05-28,Channel pages,0:21:14
2026-05-29,Channel pages,0:05:33
2026-05-30,Channel pages,0:18:26
2026-05-31,Channel pages,0:24:41
2026-06-01,Channel pages,0:15:25
2026-06-02,Channel pages,0:15:43
2026-06-03,Channel pages,0:00:38
2026-06-04,Channel pages,0:01:23
2026-06-05,Channel pages,0:00:00
2026-06-06,Channel pages,0:18:21
2026-06-07,Channel pages,0:47:42
2026-06-08,Channel pages,0:21:26
2026-06-09,Channel pages,0:00:01
2026-06-10,Channel pages,0:00:01
2026-06-11,Channel pages,0:00:00
2026-06-12,Channel pages,0:00:00
2026-06-13,Channel pages,0:00:00
2026-06-14,Channel pages,0:00:00
2026-06-15,Channel pages,1:09:31
2026-06-16,Channel pages,0:00:00
2026-06-17,Channel pages,0:04:20
2026-06-18,Channel pages,0:00:00
2026-06-19,Channel pages,0:01:43
2026-06-20,Channel pages,0:00:00
2026-06-21,Channel pages,0:00:00
2026-06-22,Channel pages,0:01:34
2026-06-23,Channel pages,0:00:43
2026-06-24,Channel pages,0:00:00
2026-06-25,Channel pages,0:00:00
2026-06-26,Channel pages,0:00:00
2026-06-27,Channel pages,0:00:00
2026-06-28,Channel pages,0:00:00
2026-06-29,Channel pages,0:00:00
2026-06-30,Channel pages,0:10:56
2026-07-01,Channel pages,0:00:11
2026-07-02,Channel pages,0:00:06
2026-07-03,Channel pages,0:00:00
2026-07-04,Channel pages,0:00:00
2026-07-05,Channel pages,0:00:00
2026-07-06,Channel pages,0:00:00
2026-07-07,Channel pages,0:00:00
2026-07-08,Channel pages,0:25:46
2026-07-09,Channel pages,0:00:00
2026-07-10,Channel pages,0:00:00
2026-07-11,Channel pages,0:00:00
2026-07-12,Channel pages,0:00:00
2026-07-13,Channel pages,0:00:09
2026-07-14,Channel pages,0:00:00
2026-07-15,Channel pages,0:00:00
2026-07-16,Channel pages,0:00:00
2026-07-17,Channel pages,0:00:00
2026-07-18,Channel pages,0:00:00
2026-07-19,Channel pages,0:00:00
2026-07-20,Channel pages,0:56:44
2026-07-21,Channel pages,0:00:00
2026-07-22,Channel pages,0:05:15
2026-07-23,Channel pages,0:00:01
2026-07-24,Channel pages,0:00:31
2026-07-25,Channel pages,0:00:00
2026-07-26,Channel pages,0:00:00
2026-07-27,Channel pages,0:00:00
2026-07-28,Channel pages,0:00:00
2026-07-29,Channel pages,0:00:12
2026-07-30,Channel pages,0:00:00
2026-07-31,Channel pages,0:00:00
2026-08-01,Channel pages,0:00:00
2026-08-02,Channel pages,0:00:00
2026-08-03,Channel pages,0:00:00
2026-08-04,Channel pages,0:00:00
2026-08-05,Channel pages,0:00:00
2026-08-06,Channel pages,0:00:00
2026-08-07,Channel pages,0:00:00
2026-08-08,Channel pages,0:00:00
2026-08-09,Channel pages,0:00:00
2026-08-10,Channel pages,0:00:00
2026-08-11,Channel pages,0:00:00
2026-08-12,Channel pages,0:00:24
2026-08-13,Channel pages,0:34:52
2026-08-14,Channel pages,0:00:00
2026-08-15,Channel pages,0:32:56
2026-08-16,Channel pages,0:00:00
2026-08-17,Channel pages,0:36:16
2026-08-18,Channel pages,0:00:01
2026-08-19,Channel pages,1:04:27
2026-08-20,Channel pages,1:01:23
2026-08-21,Channel pages,1:03:23
2026-08-22,Channel pages,0:47:23
2026-08-23,Channel pages,0:00:00
2026-08-24,Channel pages,0:23:34
2026-08-25,Channel pages,0:25:17
2026-08-26,Channel pages,0:00:00
2026-08-27,Channel pages,0:13:46
2026-08-28,Channel pages,0:09:31
2026-08-29,Channel pages,0:13:45
2026-08-30,Channel pages,0:00:00
2026-08-31,Channel pages,0:08:31
2026-09-01,Channel pages,1:03:32
2026-09-02,Channel pages,0:04:02
2026-09-03,Channel pages,0:32:30
2026-09-04,Channel pages,0:32:07
2026-09-05,Channel pages,0:01:49
2026-09-06,Channel pages,0:00:00
2026-09-07,Channel pages,0:33:54
2026-09-08,Channel pages,0:00:00
2026-09-09,Channel pages,0:04:53
2026-09-10,Channel pages,0:01:01
2026-01-01,YouTube search,0:00:00
2026-01-02,YouTube search,0:00:00
2026-01-03,YouTube search,0:00:00
2026-01-04,YouTube search,0:00:00
2026-01-05,YouTube search,0:00:00
2026-01-06,YouTube search,0:00:00
2026-01-07,YouTube search,0:00:00
2026-01-08,YouTube search,0:00:00
2026-01-09,YouTube search,0:00:00
2026-01-10,YouTube search,0:00:00
2026-01-11,YouTube search,0:00:00
2026-01-12,YouTube search,0:00:00
2026-01-13,YouTube search,0:00:00
2026-01-14,YouTube search,0:00:00
2026-01-15,YouTube search,0:00:00
2026-01-16,YouTube search,0:00:00
2026-01-17,YouTube search,0:00:00
2026-01-18,YouTube search,0:00:00
2026-01-19,YouTube search,0:00:00
2026-01-20,YouTube search,0:00:00
2026-01-21,YouTube search,0:00:00
2026-01-22,YouTube search,0:00:00
2026-01-23,YouTube search,0:00:00
2026-01-24,YouTube search,0:00:00
2026-01-25,YouTube search,0:00:00
2026-01-26,YouTube search,0:00:00
2026-01-27,YouTube search,0:00:00
2026-01-28,YouTube search,0:00:00
2026-01-29,YouTube search,0:00:00
2026-01-30,YouTube search,0:00:00
2026-01-31,YouTube search,0:00:00
2026-02-01,YouTube search,0:00:00
2026-02-02,YouTube search,0:00:00
2026-02-03,YouTube search,0:00:00
2026-02-04,YouTube search,0:00:00
2026-02-05,YouTube search,0:00:00
2026-02-06,YouTube search,0:00:00
2026-02-07,YouTube search,0:00:00
2026-02-08,YouTube search,0:00:00
2026-02-09,YouTube search,0:00:00
2026-02-10,YouTube search,0:00:00
2026-02-11,YouTube search,0:00:00
2026-02-12,YouTube search,0:00:00
2026-02-13,YouTube search,0:00:00
2026-02-14,YouTube search,0:00:00
2026-02-15,YouTube search,0:00:00
2026-02-16,YouTube search,0:00:00
2026-02-17,YouTube search,0:00:00
2026-02-18,YouTube search,0:00:00
2026-02-19,YouTube search,0:00:00
2026-02-20,YouTube search,0:00:00
2026-02-21,YouTube search,0:00:00
2026-02-22,YouTube search,0:00:43
2026-02-23,YouTube search,0:00:14
2026-02-24,YouTube search,0:00:15
2026-02-25,YouTube search,0:11:59
2026-02-26,YouTube search,0:01:49
2026-02-27,YouTube search,0:00:00
2026-02-28,YouTube search,0:00:10
2026-03-01,YouTube search,0:00:00
2026-03-02,YouTube search,0:00:14
2026-03-03,YouTube search,0:00:32
2026-03-04,YouTube search,0:00:00
2026-03-05,YouTube search,0:00:10
2026-03-06,YouTube search,0:00:48
2026-03-07,YouTube search,0:00:00
2026-03-08,YouTube search,0:01:59
2026-03-09,YouTube search,0:00:04
2026-03-10,YouTube search,0:00:16
2026-03-11,YouTube search,0:00:00
2026-03-12,YouTube search,0:00:00
2026-03-13,YouTube search,0:00:00
2026-03-14,YouTube search,0:00:00
2026-03-15,YouTube search,0:00:00
2026-03-16,YouTube search,0:57:01
2026-03-17,YouTube search,0:00:09
2026-03-18,YouTube search,0:00:00
2026-03-19,YouTube search,0:00:00
2026-03-20,YouTube search,0:00:57
2026-03-21,YouTube search,0:00:08
2026-03-22,YouTube search,0:00:30
2026-03-23,YouTube search,0:08:23
2026-03-24,YouTube search,0:00:00
2026-03-25,YouTube search,0:00:00
2026-03-26,YouTube search,0:00:01
2026-03-27,YouTube search,0:01:48
2026-03-28,YouTube search,0:00:13
2026-03-29,YouTube search,0:00:06
2026-03-30,YouTube search,
2026-03-31,YouTube search,0:00:00
2026-04-01,YouTube search,0:00:00
2026-04-02,YouTube search,0:00:00
2026-04-03,YouTube search,0:00:00
2026-04-04,YouTube search,0:00:00
2026-04-05,YouTube search,0:00:00
2026-04-06,YouTube search,0:00:00
2026-04-07,YouTube search,0:02:16
2026-04-08,YouTube search,0:00:00
2026-04-09,YouTube search,0:00:00
2026-04-10,YouTube search,0:00:00
2026-04-11,YouTube search,0:00:00
2026-04-12,YouTube search,0:00:00
2026-04-13,YouTube search,0:00:00
2026-04-14,YouTube search,0:00:00
2026-04-15,YouTube search,0:13:52
2026-04-16,YouTube search,0:00:10
2026-04-17,YouTube search,0:00:00
2026-04-18,YouTube search,0:00:00
2026-04-19,YouTube search,0:00:00
2026-04-20,YouTube search,0:00:00
2026-04-21,YouTube search,0:00:00
2026-04-22,YouTube search,0:00:00
2026-04-23,YouTube search,0:00:00
2026-04-24,YouTube search,0:00:00
2026-04-25,YouTube search,0:00:00
2026-04-26,YouTube search,0:00:00
2026-04-27,YouTube search,0:00:09
2026-04-28,YouTube search,0:00:00
2026-04-29,YouTube search,0:00:00
2026-04-30,YouTube search,0:00:00
2026-05-01,YouTube search,0:01:05
2026-05-02,YouTube search,0:00:00
2026-05-03,YouTube search,0:00:00
2026-05-04,YouTube search,0:00:00
2026-05-05,YouTube search,0:00:15
2026-05-06,YouTube search,0:00:00
2026-05-07,YouTube search,0:00:00
2026-05-08,YouTube search,0:00:00
2026-05-09,YouTube search,0:00:00
2026-05-10,YouTube search,0:00:13
2026-05-11,YouTube search,0:00:00
2026-05-12,YouTube search,0:00:00
2026-05-13,YouTube search,0:00:00
2026-05-14,YouTube search,0:00:27
2026-05-15,YouTube search,0:00:00
2026-05-16,YouTube search,0:02:03
2026-05-17,YouTube search,0:00:00
2026-05-18,YouTube search,0:00:00
2026-05-19,YouTube search,0:00:00
2026-05-20,YouTube search,0:00:00
2026-05-21,YouTube search,0:00:30
2026-05-22,YouTube search,0:00:00
2026-05-23,YouTube search,0:00:00
2026-05-24,YouTube search,0:05:44
2026-05-25,YouTube search,0:03:16
2026-05-26,YouTube search,0:00:36
2026-05-27,YouTube search,0:11:25
2026-05-28,YouTube search,0:02:44
2026-05-29,YouTube search,0:00:29
2026-05-30,YouTube search,0:26:13
2026-05-31,YouTube search,0:04:39
2026-06-01,YouTube search,0:00:00
2026-06-02,YouTube search,0:00:14
2026-06-03,YouTube search,0:00:00
2026-06-04,YouTube search,0:00:00
2026-06-05,YouTube search,0:00:02
2026-06-06,YouTube search,0:02:13
2026-06-07,YouTube search,0:00:00
2026-06-08,YouTube search,0:00:00
2026-06-09,YouTube search,0:00:00
2026-06-10,YouTube search,0:01:04
2026-06-11,YouTube search,0:00:00
2026-06-12,YouTube search,0:00:00
2026-06-13,YouTube search,0:00:00
2026-06-14,YouTube search,0:00:00
2026-06-15,YouTube search,0:00:36
2026-06-16,YouTube search,0:00:00
2026-06-17,YouTube search,0:00:00
2026-06-18,YouTube search,0:00:04
2026-06-19,YouTube search,0:00:00
2026-06-20,YouTube search,0:00:49
2026-06-21,YouTube search,0:00:00
2026-06-22,YouTube search,0:00:00
2026-06-23,YouTube search,0:00:06
2026-06-24,YouTube search,0:00:06
2026-06-25,YouTube search,0:00:00
2026-06-26,YouTube search,0:00:00
2026-06-27,YouTube search,0:00:00
2026-06-28,YouTube search,
2026-06-29,YouTube search,0:00:26
2026-06-30,YouTube search,0:00:00
2026-07-01,YouTube search,0:00:00
2026-07-02,YouTube search,0:05:33
2026-07-03,YouTube search,0:00:00
2026-07-04,YouTube search,0:00:00
2026-07-05,YouTube search,0:00:00
2026-07-06,YouTube search,0:00:00
2026-07-07,YouTube search,0:00:00
2026-07-08,YouTube search,0:00:00
2026-07-09,YouTube search,0:00:18
2026-07-10,YouTube search,0:00:00
2026-07-11,YouTube search,0:00:00
2026-07-12,YouTube search,0:00:00
2026-07-13,YouTube search,0:00:08
2026-07-14,YouTube search,0:00:00
2026-07-15,YouTube search,0:00:00
2026-07-16,YouTube search,0:00:00
2026-07-17,YouTube search,0:00:00
2026-07-18,YouTube search,0:00:00
2026-07-19,YouTube search,0:00:15
2026-07-20,YouTube search,0:00:00
2026-07-21,YouTube search,0:00:00
2026-07-22,YouTube search,0:00:26
2026-07-23,YouTube search,0:01:55
2026-07-24,YouTube search,0:00:00
2026-07-25,YouTube search,0:00:00
2026-07-26,YouTube search,0:00:00
2026-07-27,YouTube search,0:00:00
2026-07-28,YouTube search,0:00:00
2026-07-29,YouTube search,0:00:00
2026-07-30,YouTube search,0:00:00
2026-07-31,YouTube search,0:00:00
2026-08-01,YouTube search,0:00:00
2026-08-02,YouTube search,0:00:00
2026-08-03,YouTube search,0:00:00
2026-08-04,YouTube search,0:00:03
2026-08-05,YouTube search,0:00:00
2026-08-06,YouTube search,0:00:00
2026-08-07,YouTube search,0:00:00
2026-08-08,YouTube search,0:00:00
2026-08-09,YouTube search,0:00:11
2026-08-10,YouTube search,0:00:00
2026-08-11,YouTube search,0:00:00
2026-08-12,YouTube search,0:00:00
2026-08-13,YouTube search,0:01:05
2026-08-14,YouTube search,0:00:00
2026-08-15,YouTube search,0:00:00
2026-08-16,YouTube search,0:00:00
2026-08-17,YouTube search,0:00:35
2026-08-18,YouTube search,0:00:00
2026-08-19,YouTube search,0:00:00
2026-08-20,YouTube search,0:00:01
2026-08-21,YouTube search,0:00:28
2026-08-22,YouTube search,0:00:00
2026-08-23,YouTube search,0:03:47
2026-08-24,YouTube search,0:00:00
2026-08-25,YouTube search,0:00:00
2026-08-26,YouTube search,0:00:00
2026-08-27,YouTube search,0:00:19
2026-08-28,YouTube search,0:00:00
2026-08-29,YouTube search,0:02:44
2026-08-30,YouTube search,0:00:27
2026-08-31,YouTube search,0:00:02
2026-09-01,YouTube search,0:32:49
2026-09-02,YouTube search,0:00:10
2026-09-03,YouTube search,
2026-09-04,YouTube search,
2026-09-05,YouTube search,0:11:19
2026-09-06,YouTube search,0:11:24
2026-09-07,YouTube search,0:11:45
2026-09-08,YouTube search,
2026-09-09,YouTube search,0:01:27
2026-09-10,YouTube search,
2026-01-01,Suggested videos,0:00:00
2026-01-02,Suggested videos,0:00:00
2026-01-03,Suggested videos,0:00:00
2026-01-04,Suggested videos,0:00:00
2026-01-05,Suggested videos,0:00:00
2026-01-06,Suggested videos,0:00:00
2026-01-07,Suggested videos,0:00:00
2026-01-08,Suggested videos,0:00:00
2026-01-09,Suggested videos,0:00:00
2026-01-10,Suggested videos,0:00:00
2026-01-11,Suggested videos,0:00:00
2026-01-12,Suggested videos,0:00:00
2026-01-13,Suggested videos,0:00:00
2026-01-14,Suggested videos,0:00:00
2026-01-15,Suggested videos,0:00:00
2026-01-16,Suggested videos,0:00:00
2026-01-17,Suggested videos,0:00:00
2026-01-18,Suggested videos,0:00:00
2026-01-19,Suggested videos,0:00:00
2026-01-20,Suggested videos,0:00:00
2026-01-21,Suggested videos,0:00:00
2026-01-22,Suggested videos,0:00:00
2026-01-23,Suggested videos,0:00:00
2026-01-24,Suggested videos,0:00:00
2026-01-25,Suggested videos,0:00:00
2026-01-26,Suggested videos,0:00:00
2026-01-27,Suggested videos,0:00:00
2026-01-28,Suggested videos,0:00:00
2026-01-29,Suggested videos,0:00:00
2026-01-30,Suggested videos,0:00:00
2026-01-31,Suggested videos,0:00:00
2026-02-01,Suggested videos,0:00:00
2026-02-02,Suggested videos,0:00:00
2026-02-03,Suggested videos,0:00:00
2026-02-04,Suggested videos,0:00:00
2026-02-05,Suggested videos,0:00:00
2026-02-06,Suggested videos,0:00:00
2026-02-07,Suggested videos,0:00:00
2026-02-08,Suggested videos,0:00:00
2026-02-09,Suggested videos,0:00:00
2026-02-10,Suggested videos,0:00:00
2026-02-11,Suggested videos,0:00:00
2026-02-12,Suggested videos,0:00:00
2026-02-13,Suggested videos,0:00:00
2026-02-14,Suggested videos,0:00:00
2026-02-15,Suggested videos,0:00:00
2026-02-16,Suggested videos,0:00:00
2026-02-17,Suggested videos,0:00:00
2026-02-18,Suggested videos,0:00:00
2026-02-19,Suggested videos,0:00:00
2026-02-20,Suggested videos,0:00:00
2026-02-21,Suggested videos,0:00:00
2026-02-22,Suggested videos,0:00:16
2026-02-23,Suggested videos,0:00:01
2026-02-24,Suggested videos,0:00:00
2026-02-25,Suggested videos,0:00:00
2026-02-26,Suggested videos,0:00:00
2026-02-27,Suggested videos,0:00:00
2026-02-28,Suggested videos,0:00:00
2026-03-01,Suggested videos,0:00:00
2026-03-02,Suggested videos,0:06:38
2026-03-03,Suggested videos,0:00:00
2026-03-04,Suggested videos,1:02:16
2026-03-05,Suggested videos,0:00:00
2026-03-06,Suggested videos,1:23:39
2026-03-07,Suggested videos,0:00:00
2026-03-08,Suggested videos,0:00:00
2026-03-09,Suggested videos,0:02:51
2026-03-10,Suggested videos,0:00:03
2026-03-11,Suggested videos,0:00:00
2026-03-12,Suggested videos,0:00:00
2026-03-13,Suggested videos,0:00:00
2026-03-14,Suggested videos,0:00:00
2026-03-15,Suggested videos,0:00:00
2026-03-16,Suggested videos,0:00:00
2026-03-17,Suggested videos,0:00:00
2026-03-18,Suggested videos,1:31:19
2026-03-19,Suggested videos,0:00:00
2026-03-20,Suggested videos,0:00:00
2026-03-21,Suggested videos,0:53:44
2026-03-22,Suggested videos,1:31:53
2026-03-23,Suggested videos,0:14:51
2026-03-24,Suggested videos,0:00:07
2026-03-25,Suggested videos,1:36:59
2026-03-26,Suggested videos,0:00:01
2026-03-27,Suggested videos,0:00:00
2026-03-28,Suggested videos,0:00:00
2026-03-29,Suggested videos,0:00:00
2026-03-30,Suggested videos,0:00:00
2026-03-31,Suggested videos,0:40:14
2026-04-01,Suggested videos,0:00:00
2026-04-02,Suggested videos,0:00:00
2026-04-03,Suggested videos,0:00:00
2026-04-04,Suggested videos,0:00:00
2026-04-05,Suggested videos,0:00:00
2026-04-06,Suggested videos,0:00:00
2026-04-07,Suggested videos,0:00:00
2026-04-08,Suggested videos,0:00:00
2026-04-09,Suggested videos,0:00:21
2026-04-10,Suggested videos,0:00:00
2026-04-11,Suggested videos,0:00:00
2026-04-12,Suggested videos,0:00:00
2026-04-13,Suggested videos,0:00:00
2026-04-14,Suggested videos,0:00:00
2026-04-15,Suggested videos,0:00:00
2026-04-16,Suggested videos,0:00:00
2026-04-17,Suggested videos,0:00:00
2026-04-18,Suggested videos,0:00:00
2026-04-19,Suggested videos,0:00:00
2026-04-20,Suggested videos,0:00:00
2026-04-21,Suggested videos,0:00:00
2026-04-22,Suggested videos,0:00:00
2026-04-23,Suggested videos,0:00:00
2026-04-24,Suggested videos,0:00:00
2026-04-25,Suggested videos,0:00:00
2026-04-26,Suggested videos,0:00:00
2026-04-27,Suggested videos,0:00:00
2026-04-28,Suggested videos,0:00:00
2026-04-29,Suggested videos,0:00:00
2026-04-30,Suggested videos,0:00:00
2026-05-01,Suggested videos,0:00:00
2026-05-02,Suggested videos,0:00:00
2026-05-03,Suggested videos,0:00:00
2026-05-04,Suggested videos,0:00:00
2026-05-05,Suggested videos,0:00:00
2026-05-06,Suggested videos,0:00:00
2026-05-07,Suggested videos,0:00:00
2026-05-08,Suggested videos,0:00:00
2026-05-09,Suggested videos,0:00:00
2026-05-10,Suggested videos,1:03:10
2026-05-11,Suggested videos,0:00:00
2026-05-12,Suggested videos,0:00:00
2026-05-13,Suggested videos,0:00:00
2026-05-14,Suggested videos,0:00:00
2026-05-15,Suggested videos,0:00:00
2026-05-16,Suggested videos,0:00:00
2026-05-17,Suggested videos,0:00:00
2026-05-18,Suggested videos,0:00:00
2026-05-19,Suggested videos,0:00:00
2026-05-20,Suggested videos,0:00:00
2026-05-21,Suggested videos,0:00:00
2026-05-22,Suggested videos,0:00:00
2026-05-23,Suggested videos,0:00:00
2026-05-24,Suggested videos,0:19:05
2026-05-25,Suggested videos,0:07:44
2026-05-26,Suggested videos,0:01:49
2026-05-27,Suggested videos,0:02:03
2026-05-28,Suggested videos,0:33:03
2026-05-29,Suggested videos,0:05:54
2026-05-30,Suggested videos,0:26:17
2026-05-31,Suggested videos,0:00:00
2026-06-01,Suggested videos,0:00:00
2026-06-02,Suggested videos,0:00:00
2026-06-03,Suggested videos,0:08:08
2026-06-04,Suggested videos,0:00:00
2026-06-05,Suggested videos,0:00:00
2026-06-06,Suggested videos,0:00:00
2026-06-07,Suggested videos,0:00:00
2026-06-08,Suggested videos,0:00:00
2026-06-09,Suggested videos,0:03:24
2026-06-10,Suggested videos,0:30:59
2026-06-11,Suggested videos,0:01:13
2026-06-12,Suggested videos,0:12:51
2026-06-13,Suggested videos,0:00:00
2026-06-14,Suggested videos,0:00:00
2026-06-15,Suggested videos,0:17:30
2026-06-16,Suggested videos,0:00:09
2026-06-17,Suggested videos,0:00:00
2026-06-18,Suggested videos,0:01:10
2026-06-19,Suggested videos,0:09:58
2026-06-20,Suggested videos,0:00:00
2026-06-21,Suggested videos,0:26:11
2026-06-22,Suggested videos,0:00:00
2026-06-23,Suggested videos,0:48:30
2026-06-24,Suggested videos,0:00:00
2026-06-25,Suggested videos,0:00:00
2026-06-26,Suggested videos,0:26:31
2026-06-27,Suggested videos,0:00:00
2026-06-28,Suggested videos,0:00:02
2026-06-29,Suggested videos,0:00:00
2026-06-30,Suggested videos,0:00:00
2026-07-01,Suggested videos,0:00:00
2026-07-02,Suggested videos,0:00:00
2026-07-03,Suggested videos,0:52:21
2026-07-04,Suggested videos,0:00:00
2026-07-05,Suggested videos,0:00:00
2026-07-06,Suggested videos,0:00:00
2026-07-07,Suggested videos,0:10:42
2026-07-08,Suggested videos,0:00:00
2026-07-09,Suggested videos,0:40:00
2026-07-10,Suggested videos,0:00:00
2026-07-11,Suggested videos,0:00:30
2026-07-12,Suggested videos,0:04:06
2026-07-13,Suggested videos,0:00:00
2026-07-14,Suggested videos,0:02:55
2026-07-15,Suggested videos,0:00:00
2026-07-16,Suggested videos,0:00:00
2026-07-17,Suggested videos,0:00:00
2026-07-18,Suggested videos,0:00:00
2026-07-19,Suggested videos,0:00:13
2026-07-20,Suggested videos,0:00:00
2026-07-21,Suggested videos,0:34:24
2026-07-22,Suggested videos,0:19:24
2026-07-23,Suggested videos,0:00:00
2026-07-24,Suggested videos,0:00:00
2026-07-25,Suggested videos,0:00:00
2026-07-26,Suggested videos,0:00:00
2026-07-27,Suggested videos,0:00:00
2026-07-28,Suggested videos,0:00:00
2026-07-29,Suggested videos,0:00:00
2026-07-30,Suggested videos,0:00:00
2026-07-31,Suggested videos,0:00:00
2026-08-01,Suggested videos,0:00:00
2026-08-02,Suggested videos,0:00:00
2026-08-03,Suggested videos,0:00:00
2026-08-04,Suggested videos,0:00:00
2026-08-05,Suggested videos,0:00:00
2026-08-06,Suggested videos,0:00:00
2026-08-07,Suggested videos,0:00:00
2026-08-08,Suggested videos,0:00:00
2026-08-09,Suggested videos,0:00:00
2026-08-10,Suggested videos,0:00:00
2026-08-11,Suggested videos,0:00:00
2026-08-12,Suggested videos,0:00:00
2026-08-13,Suggested videos,0:05:28
2026-08-14,Suggested videos,0:00:42
2026-08-15,Suggested videos,0:00:00
2026-08-16,Suggested videos,0:22:05
2026-08-17,Suggested videos,0:00:00
2026-08-18,Suggested videos,0:00:00
2026-08-19,Suggested videos,0:00:00
2026-08-20,Suggested videos,0:00:08
2026-08-21,Suggested videos,0:00:03
2026-08-22,Suggested videos,0:00:02
2026-08-23,Suggested videos,0:00:00
2026-08-24,Suggested videos,0:00:00
2026-08-25,Suggested videos,1:04:45
2026-08-26,Suggested videos,0:00:08
2026-08-27,Suggested videos,0:00:00
2026-08-28,Suggested videos,0:00:00
2026-08-29,Suggested videos,0:00:00
2026-08-30,Suggested videos,0:00:00
2026-08-31,Suggested videos,0:00:00
2026-09-01,Suggested videos,0:17:25
2026-09-02,Suggested videos,0:27:05
2026-09-03,Suggested videos,0:00:00
2026-09-04,Suggested videos,0:00:27
2026-09-05,Suggested videos,0:00:00
2026-09-06,Suggested videos,0:00:17
2026-09-07,Suggested videos,1:12:02
2026-09-08,Suggested videos,0:00:00
2026-09-09,Suggested videos,
2026-09-10,Suggested videos,0:00:09
2026-01-01,Other YouTube features,0:00:00
2026-01-02,Other YouTube features,0:00:00
2026-01-03,Other YouTube features,0:00:00
2026-01-04,Other YouTube features,0:00:00
2026-01-05,Other YouTube features,0:00:00
2026-01-06,Other YouTube features,0:00:00
2026-01-07,Other YouTube features,0:00:00
2026-01-08,Other YouTube features,0:00:00
2026-01-09,Other YouTube features,0:00:00
2026-01-10,Other YouTube features,0:00:00
2026-01-11,Other YouTube features,0:00:00
2026-01-12,Other YouTube features,0:00:00
2026-01-13,Other YouTube features,0:00:00
2026-01-14,Other YouTube features,0:00:00
2026-01-15,Other YouTube features,0:00:00
2026-01-16,Other YouTube features,0:00:00
2026-01-17,Other YouTube features,0:00:00
2026-01-18,Other YouTube features,0:00:00
2026-01-19,Other YouTube features,0:00:00
2026-01-20,Other YouTube features,0:00:00
2026-01-21,Other YouTube features,0:00:00
2026-01-22,Other YouTube features,0:00:00
2026-01-23,Other YouTube features,0:00:00
2026-01-24,Other YouTube features,0:00:00
2026-01-25,Other YouTube features,0:00:00
2026-01-26,Other YouTube features,0:00:00
2026-01-27,Other YouTube features,0:00:00
2026-01-28,Other YouTube features,0:00:00
2026-01-29,Other YouTube features,0:00:00
2026-01-30,Other YouTube features,0:00:00
2026-01-31,Other YouTube features,0:00:00
2026-02-01,Other YouTube features,0:00:00
2026-02-02,Other YouTube features,0:00:00
2026-02-03,Other YouTube features,0:00:00
2026-02-04,Other YouTube features,0:00:00
2026-02-05,Other YouTube features,0:00:00
2026-02-06,Other YouTube features,0:00:00
2026-02-07,Other YouTube features,0:00:00
2026-02-08,Other YouTube features,0:00:00
2026-02-09,Other YouTube features,0:00:00
2026-02-10,Other YouTube features,0:00:00
2026-02-11,Other YouTube features,0:00:00
2026-02-12,Other YouTube features,0:00:00
2026-02-13,Other YouTube features,0:00:00
2026-02-14,Other YouTube features,0:00:00
2026-02-15,Other YouTube features,0:00:00
2026-02-16,Other YouTube features,0:00:00
2026-02-17,Other YouTube features,0:00:00
2026-02-18,Other YouTube features,0:00:00
2026-02-19,Other YouTube features,0:00:00
2026-02-20,Other YouTube features,0:00:00
2026-02-21,Other YouTube features,0:00:00
2026-02-22,Other YouTube features,0:00:00
2026-02-23,Other YouTube features,0:00:00
2026-02-24,Other YouTube features,0:00:00
2026-02-25,Other YouTube features,0:00:00
2026-02-26,Other YouTube features,0:00:04
2026-02-27,Other YouTube features,0:00:00
2026-02-28,Other YouTube features,0:00:00
2026-03-01,Other YouTube features,0:00:00
2026-03-02,Other YouTube features,0:00:00
2026-03-03,Other YouTube features,0:00:00
2026-03-04,Other YouTube features,0:00:00
2026-03-05,Other YouTube features,0:10:19
2026-03-06,Other YouTube features,0:00:14
2026-03-07,Other YouTube features,0:00:33
2026-03-08,Other YouTube features,0:00:00
2026-03-09,Other YouTube features,0:00:00
2026-03-10,Other YouTube features,0:00:00
2026-03-11,Other YouTube features,0:00:00
2026-03-12,Other YouTube features,0:00:00
2026-03-13,Other YouTube features,0:00:00
2026-03-14,Other YouTube features,0:00:00
2026-03-15,Other YouTube features,0:00:00
2026-03-16,Other YouTube features,0:00:00
2026-03-17,Other YouTube features,0:00:14
2026-03-18,Other YouTube features,0:00:08
2026-03-19,Other YouTube features,0:00:00
2026-03-20,Other YouTube features,0:00:00
2026-03-21,Other YouTube features,0:00:00
2026-03-22,Other YouTube features,0:00:00
2026-03-23,Other YouTube features,0:05:12
2026-03-24,Other YouTube features,0:00:00
2026-03-25,Other YouTube features,0:00:00
2026-03-26,Other YouTube features,0:00:00
2026-03-27,Other YouTube features,0:00:46
2026-03-28,Other YouTube features,0:00:10
2026-03-29,Other YouTube features,0:00:20
2026-03-30,Other YouTube features,0:00:08
2026-03-31,Other YouTube features,0:00:00
2026-04-01,Other YouTube features,0:00:00
2026-04-02,Other YouTube features,0:00:00
2026-04-03,Other YouTube features,0:00:00
2026-04-04,Other YouTube features,0:00:00
2026-04-05,Other YouTube features,0:00:00
2026-04-06,Other YouTube features,0:00:00
2026-04-07,Other YouTube features,0:00:00
2026-04-08,Other YouTube features,0:00:00
2026-04-09,Other YouTube features,0:00:00
2026-04-10,Other YouTube features,0:00:00
2026-04-11,Other YouTube features,0:00:00
2026-04-12,Other YouTube features,0:00:00
2026-04-13,Other YouTube features,0:00:00
2026-04-14,Other YouTube features,0:00:00
2026-04-15,Other YouTube features,0:00:00
2026-04-16,Other YouTube features,0:00:00
2026-04-17,Other YouTube features,0:00:00
2026-04-18,Other YouTube features,0:00:00
2026-04-19,Other YouTube features,0:00:00
2026-04-20,Other YouTube features,0:00:00
2026-04-21,Other YouTube features,0:00:00
2026-04-22,Other YouTube features,0:00:00
2026-04-23,Other YouTube features,0:00:00
2026-04-24,Other YouTube features,0:00:00
2026-04-25,Other YouTube features,0:00:00
2026-04-26,Other YouTube features,0:00:00
2026-04-27,Other YouTube features,0:00:00
2026-04-28,Other YouTube features,0:00:00
2026-04-29,Other YouTube features,0:00:00
2026-04-30,Other YouTube features,0:00:00
2026-05-01,Other YouTube features,0:00:00
2026-05-02,Other YouTube features,0:00:00
2026-05-03,Other YouTube features,0:00:00
2026-05-04,Other YouTube features,0:00:00
2026-05-05,Other YouTube features,0:00:00
2026-05-06,Other YouTube features,0:00:00
2026-05-07,Other YouTube features,0:00:00
2026-05-08,Other YouTube features,0:00:00
2026-05-09,Other YouTube features,0:00:00
2026-05-10,Other YouTube features,0:00:00
2026-05-11,Other YouTube features,0:00:00
2026-05-12,Other YouTube features,0:00:00
2026-05-13,Other YouTube features,0:00:00
2026-05-14,Other YouTube features,0:00:00
2026-05-15,Other YouTube features,0:00:00
2026-05-16,Other YouTube features,0:00:00
2026-05-17,Other YouTube features,0:00:00
2026-05-18,Other YouTube features,0:00:00
2026-05-19,Other YouTube features,0:00:00
2026-05-20,Other YouTube features,0:00:00
2026-05-21,Other YouTube features,0:00:00
2026-05-22,Other YouTube features,0:00:00
2026-05-23,Other YouTube features,0:00:00
2026-05-24,Other YouTube features,0:14:17
2026-05-25,Other YouTube features,0:12:59
2026-05-26,Other YouTube features,0:08:14
2026-05-27,Other YouTube features,0:34:31
2026-05-28,Other YouTube features,0:00:40
2026-05-29,Other YouTube features,0:00:00
2026-05-30,Other YouTube features,0:00:00
2026-05-31,Other YouTube features,0:18:13
2026-06-01,Other YouTube features,0:00:00
2026-06-02,Other YouTube features,0:00:00
2026-06-03,Other YouTube features,0:25:11
2026-06-04,Other YouTube features,0:00:00
2026-06-05,Other YouTube features,0:00:00
2026-06-06,Other YouTube features,0:23:32
2026-06-07,Other YouTube features,0:00:00
2026-06-08,Other YouTube features,0:00:00
2026-06-09,Other YouTube features,0:00:00
2026-06-10,Other YouTube features,0:00:00
2026-06-11,Other YouTube features,0:00:00
2026-06-12,Other YouTube features,0:00:00
2026-06-13,Other YouTube features,0:00:00
2026-06-14,Other YouTube features,0:00:00
2026-06-15,Other YouTube features,0:00:00
2026-06-16,Other YouTube features,0:00:00
2026-06-17,Other YouTube features,0:00:00
2026-06-18,Other YouTube features,0:00:00
2026-06-19,Other YouTube features,0:04:22
2026-06-20,Other YouTube features,0:09:35
2026-06-21,Other YouTube features,0:00:00
2026-06-22,Other YouTube features,0:00:00
2026-06-23,Other YouTube features,0:01:00
2026-06-24,Other YouTube features,0:00:00
2026-06-25,Other YouTube features,0:00:00
2026-06-26,Other YouTube features,0:00:00
2026-06-27,Other YouTube features,0:00:00
2026-06-28,Other YouTube features,0:00:00
2026-06-29,Other YouTube features,0:00:00
2026-06-30,Other YouTube features,0:00:00
2026-07-01,Other YouTube features,0:00:00
2026-07-02,Other YouTube features,0:00:00
2026-07-03,Other YouTube features,0:00:00
2026-07-04,Other YouTube features,0:00:00
2026-07-05,Other YouTube features,0:00:00
2026-07-06,Other YouTube features,0:00:00
2026-07-07,Other YouTube features,0:00:00
2026-07-08,Other YouTube features,0:00:00
2026-07-09,Other YouTube features,0:00:00
2026-07-10,Other YouTube features,0:00:00
2026-07-11,Other YouTube features,0:00:00
2026-07-12,Other YouTube features,0:27:00
2026-07-13,Other YouTube features,0:00:00
2026-07-14,Other YouTube features,0:00:31
2026-07-15,Other YouTube features,0:00:00
2026-07-16,Other YouTube features,0:00:00
2026-07-17,Other YouTube features,0:00:04
2026-07-18,Other YouTube features,0:00:00
2026-07-19,Other YouTube features,1:03:57
2026-07-20,Other YouTube features,0:00:00
2026-07-21,Other YouTube features,0:00:00
2026-07-22,Other YouTube features,0:00:00
2026-07-23,Other YouTube features,0:00:00
2026-07-24,Other YouTube features,0:00:22
2026-07-25,Other YouTube features,0:00:45
2026-07-26,Other YouTube features,0:14:38
2026-07-27,Other YouTube features,0:00:00
2026-07-28,Other YouTube features,0:00:00
2026-07-29,Other YouTube features,0:00:00
2026-07-30,Other YouTube features,0:00:00
2026-07-31,Other YouTube features,0:00:00
2026-08-01,Other YouTube features,0:00:00
2026-08-02,Other YouTube features,0:00:00
2026-08-03,Other YouTube features,0:00:00
2026-08-04,Other YouTube features,0:30:54
2026-08-05,Other YouTube features,0:00:00
2026-08-06,Other YouTube features,0:00:00
2026-08-07,Other YouTube features,0:00:00
2026-08-08,Other YouTube features,0:00:00
2026-08-09,Other YouTube features,0:00:00
2026-08-10,Other YouTube features,0:00:00
2026-08-11,Other YouTube features,0:00:00
2026-08-12,Other YouTube features,0:00:00
2026-08-13,Other YouTube features,0:00:00
2026-08-14,Other YouTube features,0:25:59
2026-08-15,Other YouTube features,0:00:00
2026-08-16,Other YouTube features,0:00:00
2026-08-17,Other YouTube features,0:17:26
2026-08-18,Other YouTube features,0:00:00
2026-08-19,Other YouTube features,0:00:00
2026-08-20,Other YouTube features,0:01:13
2026-08-21,Other YouTube features,0:00:00
2026-08-22,Other YouTube features,0:00:00
2026-08-23,Other YouTube features,0:00:00
2026-08-24,Other YouTube features,0:00:00
2026-08-25,Other YouTube features,0:00:00
2026-08-26,Other YouTube features,0:00:00
2026-08-27,Other YouTube features,0:00:00
2026-08-28,Other YouTube features,0:00:00
2026-08-29,Other YouTube features,0:00:00
2026-08-30,Other YouTube features,0:00:00
2026-08-31,Other YouTube features,0:00:00
2026-09-01,Other YouTube features,0:00:00
2026-09-02,Other YouTube features,0:16:05
2026-09-03,Other YouTube features,0:00:00
2026-09-04,Other YouTube features,0:00:00
2026-09-05,Other YouTube features,0:06:33
2026-09-06,Other YouTube features,0:00:00
2026-09-07,Other YouTube features,0:03:27
2026-09-08,Other YouTube features,0:00:00
2026-09-09,Other YouTube features,0:00:00
2026-09-10,Other YouTube features,0:00:05
2026-01-01,External,0:00:00
2026-01-02,External,0:00:00
2026-01-03,External,0:00:00
2026-01-04,External,0:00:00
2026-01-05,External,0:00:00
2026-01-06,External,0:00:00
2026-01-07,External,0:00:00
2026-01-08,External,0:00:00
2026-01-09,External,0:00:00
2026-01-10,External,0:00:00
2026-01-11,External,0:00:00
2026-01-12,External,0:00:00
2026-01-13,External,0:00:00
2026-01-14,External,0:00:00
2026-01-15,External,0:00:00
2026-01-16,External,0:00:00
2026-01-17,External,0:00:00
2026-01-18,External,0:00:00
2026-01-19,External,0:00:00
2026-01-20,External,0:00:00
2026-01-21,External,0:00:00
2026-01-22,External,0:00:00
2026-01-23,External,0:00:00
2026-01-24,External,0:00:00
2026-01-25,External,0:00:00
2026-01-26,External,0:00:00
2026-01-27,External,0:00:00
2026-01-28,External,0:00:00
2026-01-29,External,0:00:00
2026-01-30,External,0:00:00
2026-01-31,External,0:00:00
2026-02-01,External,0:00:00
2026-02-02,External,0:00:00
2026-02-03,External,0:00:00
2026-02-04,External,0:00:00
2026-02-05,External,0:00:00
2026-02-06,External,0:00:00
2026-02-07,External,0:00:00
2026-02-08,External,0:00:00
2026-02-09,External,0:00:00
2026-02-10,External,0:00:00
2026-02-11,External,0:00:00
2026-02-12,External,0:00:00
2026-02-13,External,0:00:00
2026-02-14,External,0:00:00
2026-02-15,External,0:00:00
2026-02-16,External,0:00:00
2026-02-17,External,0:00:00
2026-02-18,External,0:00:00
2026-02-19,External,0:00:00
2026-02-20,External,0:00:00
2026-02-21,External,0:00:00
2026-02-22,External,0:00:00
2026-02-23,External,0:00:00
2026-02-24,External,0:09:19
2026-02-25,External,0:01:28
2026-02-26,External,0:25:55
2026-02-27,External,0:00:17
2026-02-28,External,0:52:46
2026-03-01,External,0:00:00
2026-03-02,External,0:00:00
2026-03-03,External,0:00:08
2026-03-04,External,0:00:07
2026-03-05,External,0:00:54
2026-03-06,External,0:00:52
2026-03-07,External,0:00:05
2026-03-08,External,0:00:32
2026-03-09,External,0:00:04
2026-03-10,External,0:00:00
2026-03-11,External,0:00:00
2026-03-12,External,0:00:00
2026-03-13,External,0:00:00
2026-03-14,External,0:00:04
2026-03-15,External,0:00:00
2026-03-16,External,0:00:03
2026-03-17,External,0:00:45
2026-03-18,External,0:00:00
2026-03-19,External,0:30:56
2026-03-20,External,0:00:00
2026-03-21,External,0:00:00
2026-03-22,External,0:00:00
2026-03-23,External,0:00:00
2026-03-24,External,0:00:03
2026-03-25,External,0:28:54
2026-03-26,External,0:49:39
2026-03-27,External,0:00:00
2026-03-28,External,0:00:00
2026-03-29,External,0:00:00
2026-03-30,External,0:00:02
2026-03-31,External,0:00:00
2026-04-01,External,0:00:00
2026-04-02,External,0:00:00
2026-04-03,External,0:00:00
2026-04-04,External,0:00:00
2026-04-05,External,0:46:51
2026-04-06,External,0:00:00
2026-04-07,External,0:00:00
2026-04-08,External,0:00:00
2026-04-09,External,0:00:00
2026-04-10,External,0:00:18
2026-04-11,External,0:00:00
2026-04-12,External,0:00:00
2026-04-13,External,0:00:00
2026-04-14,External,0:00:00
2026-04-15,External,0:00:00
2026-04-16,External,0:00:00
2026-04-17,External,0:00:00
2026-04-18,External,0:00:00
2026-04-19,External,0:00:00
2026-04-20,External,0:00:00
2026-04-21,External,0:00:00
2026-04-22,External,0:00:00
2026-04-23,External,0:02:32
2026-04-24,External,0:00:00
2026-04-25,External,0:00:00
2026-04-26,External,0:00:00
2026-04-27,External,0:00:00
2026-04-28,External,0:00:00
2026-04-29,External,0:00:00
2026-04-30,External,0:00:00
2026-05-01,External,0:00:00
2026-05-02,External,0:00:00
2026-05-03,External,0:00:00
2026-05-04,External,0:00:00
2026-05-05,External,0:00:00
2026-05-06,External,0:00:00
2026-05-07,External,0:00:00
2026-05-08,External,0:00:00
2026-05-09,External,0:00:00
2026-05-10,External,0:00:00
2026-05-11,External,0:00:00
2026-05-12,External,0:00:00
2026-05-13,External,0:00:00
2026-05-14,External,0:00:00
2026-05-15,External,0:00:00
2026-05-16,External,0:00:00
2026-05-17,External,0:00:00
2026-05-18,External,0:00:00
2026-05-19,External,0:00:00
2026-05-20,External,0:00:00
2026-05-21,External,0:00:00
2026-05-22,External,0:00:00
2026-05-23,External,0:00:00
2026-05-24,External,0:12:47
2026-05-25,External,0:00:00
2026-05-26,External,0:33:32
2026-05-27,External,0:00:00
2026-05-28,External,0:06:01
2026-05-29,External,0:00:00
2026-05-30,External,0:00:00
2026-05-31,External,0:00:00
2026-06-01,External,0:00:00
2026-06-02,External,0:00:00
2026-06-03,External,0:00:03
2026-06-04,External,0:00:00
2026-06-05,External,0:00:00
2026-06-06,External,0:00:00
2026-06-07,External,0:00:00
2026-06-08,External,0:00:00
2026-06-09,External,0:00:00
2026-06-10,External,0:00:00
2026-06-11,External,0:00:00
2026-06-12,External,0:00:00
2026-06-13,External,0:00:00
2026-06-14,External,0:00:00
2026-06-15,External,0:00:00
2026-06-16,External,0:00:00
2026-06-17,External,0:00:00
2026-06-18,External,0:00:00
2026-06-19,External,0:00:00
2026-06-20,External,0:00:00
2026-06-21,External,0:02:21
2026-06-22,External,0:00:00
2026-06-23,External,0:00:00
2026-06-24,External,0:00:00
2026-06-25,External,0:00:00
2026-06-26,External,0:00:00
2026-06-27,External,0:00:00
2026-06-28,External,0:00:00
2026-06-29,External,0:00:00
2026-06-30,External,0:00:00
2026-07-01,External,0:00:00
2026-07-02,External,0:00:00
2026-07-03,External,0:00:00
2026-07-04,External,0:00:00
2026-07-05,External,0:00:00
2026-07-06,External,0:00:00
2026-07-07,External,0:00:00
2026-07-08,External,0:00:44
2026-07-09,External,0:00:00
2026-07-10,External,0:00:00
2026-07-11,External,0:00:00
2026-07-12,External,0:00:00
2026-07-13,External,0:00:00
2026-07-14,External,0:00:00
2026-07-15,External,0:00:00
2026-07-16,External,0:00:00
2026-07-17,External,0:00:00
2026-07-18,External,0:02:12
2026-07-19,External,0:00:00
2026-07-20,External,0:00:00
2026-07-21,External,0:00:00
2026-07-22,External,0:41:29
2026-07-23,External,0:00:00
2026-07-24,External,0:00:00
2026-07-25,External,0:00:00
2026-07-26,External,0:00:00
2026-07-27,External,0:33:22
2026-07-28,External,0:09:26
2026-07-29,External,0:00:00
2026-07-30,External,0:00:00
2026-07-31,External,0:00:09
2026-08-01,External,0:00:00
2026-08-02,External,0:00:00
2026-08-03,External,0:00:00
2026-08-04,External,0:00:00
2026-08-05,External,0:00:00
2026-08-06,External,0:00:00
2026-08-07,External,0:00:00
2026-08-08,External,0:00:00
2026-08-09,External,0:00:00
2026-08-10,External,0:00:00
2026-08-11,External,0:00:00
2026-08-12,External,0:00:00
2026-08-13,External,0:00:02
2026-08-14,External,0:02:27
2026-08-15,External,0:00:00
2026-08-16,External,0:00:00
2026-08-17,External,0:00:00
2026-08-18,External,0:00:00
2026-08-19,External,0:00:00
2026-08-20,External,0:00:00
2026-08-21,External,0:00:00
2026-08-22,External,0:00:00
2026-08-23,External,0:00:00
2026-08-24,External,0:22:26
2026-08-25,External,0:00:00
2026-08-26,External,0:00:00
2026-08-27,External,0:00:00
2026-08-28,External,0:12:43
2026-08-29,External,0:00:00
2026-08-30,External,0:00:00
2026-08-31,External,0:00:21
2026-09-01,External,0:00:00
2026-09-02,External,0:00:00
2026-09-03,External,0:00:03
2026-09-04,External,0:00:00
2026-09-05,External,0:00:00
2026-09-06,External,0:00:00
2026-09-07,External,0:00:00
2026-09-08,External,0:00:00
2026-09-09,External,0:00:03
2026-09-10,External,0:00:09
2026-01-01,Playlists,0:00:00
2026-01-02,Playlists,0:00:00
2026-01-03,Playlists,0:00:00
2026-01-04,Playlists,0:00:00
2026-01-05,Playlists,0:00:00
2026-01-06,Playlists,0:00:00
2026-01-07,Playlists,0:00:00
2026-01-08,Playlists,0:00:00
2026-01-09,Playlists,0:00:00
2026-01-10,Playlists,0:00:00
2026-01-11,Playlists,0:00:00
2026-01-12,Playlists,0:00:00
2026-01-13,Playlists,0:00:00
2026-01-14,Playlists,0:00:00
2026-01-15,Playlists,0:00:00
2026-01-16,Playlists,0:00:00
2026-01-17,Playlists,0:00:00
2026-01-18,Playlists,0:00:00
2026-01-19,Playlists,0:00:00
2026-01-20,Playlists,0:00:00
2026-01-21,Playlists,0:00:00
2026-01-22,Playlists,0:00:00
2026-01-23,Playlists,0:00:00
2026-01-24,Playlists,0:00:00
2026-01-25,Playlists,0:00:00
2026-01-26,Playlists,0:00:00
2026-01-27,Playlists,0:00:00
2026-01-28,Playlists,0:00:00
2026-01-29,Playlists,0:00:00
2026-01-30,Playlists,0:00:00
2026-01-31,Playlists,0:00:00
2026-02-01,Playlists,0:00:00
2026-02-02,Playlists,0:00:00
2026-02-03,Playlists,0:00:00
2026-02-04,Playlists,0:00:00
2026-02-05,Playlists,0:00:00
2026-02-06,Playlists,0:00:00
2026-02-07,Playlists,0:00:00
2026-02-08,Playlists,0:00:00
2026-02-09,Playlists,0:00:00
2026-02-10,Playlists,0:00:00
2026-02-11,Playlists,0:00:00
2026-02-12,Playlists,0:00:00
2026-02-13,Playlists,0:00:00
2026-02-14,Playlists,0:00:00
2026-02-15,Playlists,0:00:00
2026-02-16,Playlists,0:00:00
2026-02-17,Playlists,0:00:00
2026-02-18,Playlists,0:00:00
2026-02-19,Playlists,0:00:00
2026-02-20,Playlists,0:00:00
2026-02-21,Playlists,0:00:00
2026-02-22,Playlists,0:00:00
2026-02-23,Playlists,0:00:00
2026-02-24,Playlists,0:00:00
2026-02-25,Playlists,0:00:00
2026-02-26,Playlists,0:00:00
2026-02-27,Playlists,0:00:00
2026-02-28,Playlists,0:00:00
2026-03-01,Playlists,0:00:00
2026-03-02,Playlists,0:00:00
2026-03-03,Playlists,0:11:47
2026-03-04,Playlists,0:00:01
2026-03-05,Playlists,0:00:00
2026-03-06,Playlists,1:05:32
2026-03-07,Playlists,0:00:00
2026-03-08,Playlists,0:00:00
2026-03-09,Playlists,0:00:00
2026-03-10,Playlists,0:00:00
2026-03-11,Playlists,0:00:00
2026-03-12,Playlists,0:00:00
2026-03-13,Playlists,0:00:00
2026-03-14,Playlists,0:00:00
2026-03-15,Playlists,0:00:00
2026-03-16,Playlists,0:00:00
2026-03-17,Playlists,0:00:00
2026-03-18,Playlists,0:00:00
2026-03-19,Playlists,0:00:00
2026-03-20,Playlists,0:00:00
2026-03-21,Playlists,0:00:00
2026-03-22,Playlists,0:00:00
2026-03-23,Playlists,0:00:00
2026-03-24,Playlists,0:00:00
2026-03-25,Playlists,0:00:00
2026-03-26,Playlists,0:00:00
2026-03-27,Playlists,0:00:15
2026-03-28,Playlists,0:00:00
2026-03-29,Playlists,0:00:00
2026-03-30,Playlists,0:00:00
2026-03-31,Playlists,0:00:00
2026-04-01,Playlists,0:00:00
2026-04-02,Playlists,0:00:00
2026-04-03,Playlists,0:00:00
2026-04-04,Playlists,0:00:00
2026-04-05,Playlists,0:00:00
2026-04-06,Playlists,0:00:00
2026-04-07,Playlists,0:00:00
2026-04-08,Playlists,0:00:00
2026-04-09,Playlists,0:00:00
2026-04-10,Playlists,0:21:10
2026-04-11,Playlists,0:00:00
2026-04-12,Playlists,0:00:00
2026-04-13,Playlists,0:00:00
2026-04-14,Playlists,0:00:00
2026-04-15,Playlists,0:00:00
2026-04-16,Playlists,0:00:00
2026-04-17,Playlists,0:00:00
2026-04-18,Playlists,0:00:00
2026-04-19,Playlists,0:00:00
2026-04-20,Playlists,0:00:00
2026-04-21,Playlists,0:00:00
2026-04-22,Playlists,0:00:00
2026-04-23,Playlists,0:00:00
2026-04-24,Playlists,0:00:00
2026-04-25,Playlists,0:00:00
2026-04-26,Playlists,0:00:00
2026-04-27,Playlists,0:00:00
2026-04-28,Playlists,0:00:00
2026-04-29,Playlists,0:00:00
2026-04-30,Playlists,0:00:00
2026-05-01,Playlists,0:00:00
2026-05-02,Playlists,0:00:00
2026-05-03,Playlists,0:00:00
2026-05-04,Playlists,0:00:00
2026-05-05,Playlists,0:00:00
2026-05-06,Playlists,0:00:00
2026-05-07,Playlists,0:00:00
2026-05-08,Playlists,0:00:00
2026-05-09,Playlists,0:00:00
2026-05-10,Playlists,0:00:00
2026-05-11,Playlists,0:00:00
2026-05-12,Playlists,0:00:00
2026-05-13,Playlists,0:00:00
2026-05-14,Playlists,0:00:00
2026-05-15,Playlists,0:00:00
2026-05-16,Playlists,0:00:00
2026-05-17,Playlists,0:00:00
2026-05-18,Playlists,0:00:00
2026-05-19,Playlists,0:00:00
2026-05-20,Playlists,0:00:00
2026-05-21,Playlists,0:00:00
2026-05-22,Playlists,0:00:00
2026-05-23,Playlists,0:00:00
2026-05-24,Playlists,0:23:32
2026-05-25,Playlists,0:01:40
2026-05-26,Playlists,0:00:35
2026-05-27,Playlists,0:12:54
2026-05-28,Playlists,0:00:00
2026-05-29,Playlists,0:01:33
2026-05-30,Playlists,0:00:00
2026-05-31,Playlists,0:00:00
2026-06-01,Playlists,0:01:49
2026-06-02,Playlists,0:00:11
2026-06-03,Playlists,0:00:00
2026-06-04,Playlists,0:43:07
2026-06-05,Playlists,0:20:25
2026-06-06,Playlists,0:00:00
2026-06-07,Playlists,0:00:00
2026-06-08,Playlists,0:00:00
2026-06-09,Playlists,0:00:00
2026-06-10,Playlists,0:00:00
2026-06-11,Playlists,0:00:00
2026-06-12,Playlists,0:00:00
2026-06-13,Playlists,0:00:00
2026-06-14,Playlists,0:00:00
2026-06-15,Playlists,0:00:00
2026-06-16,Playlists,0:00:00
2026-06-17,Playlists,0:00:00
2026-06-18,Playlists,0:00:00
2026-06-19,Playlists,0:00:35
2026-06-20,Playlists,0:13:04
2026-06-21,Playlists,0:00:00
2026-06-22,Playlists,0:00:00
2026-06-23,Playlists,0:00:00
2026-06-24,Playlists,0:00:00
2026-06-25,Playlists,0:00:00
2026-06-26,Playlists,0:00:00
2026-06-27,Playlists,0:07:03
2026-06-28,Playlists,0:00:00
2026-06-29,Playlists,0:00:00
2026-06-30,Playlists,0:00:00
2026-07-01,Playlists,0:02:40
2026-07-02,Playlists,0:00:00
2026-07-03,Playlists,0:03:18
2026-07-04,Playlists,0:00:00
2026-07-05,Playlists,0:00:00
2026-07-06,Playlists,0:00:00
2026-07-07,Playlists,0:00:00
2026-07-08,Playlists,0:00:00
2026-07-09,Playlists,0:00:00
2026-07-10,Playlists,0:00:00
2026-07-11,Playlists,0:00:00
2026-07-12,Playlists,0:00:00
2026-07-13,Playlists,0:00:17
2026-07-14,Playlists,0:00:00
2026-07-15,Playlists,0:00:00
2026-07-16,Playlists,0:00:00
2026-07-17,Playlists,0:00:00
2026-07-18,Playlists,0:00:00
2026-07-19,Playlists,0:00:00
2026-07-20,Playlists,0:00:00
2026-07-21,Playlists,0:00:00
2026-07-22,Playlists,0:00:00
2026-07-23,Playlists,0:00:00
2026-07-24,Playlists,0:00:00
2026-07-25,Playlists,0:00:00
2026-07-26,Playlists,0:00:00
2026-07-27,Playlists,0:00:00
2026-07-28,Playlists,0:00:00
2026-07-29,Playlists,0:00:00
2026-07-30,Playlists,0:00:00
2026-07-31,Playlists,0:00:00
2026-08-01,Playlists,0:00:00
2026-08-02,Playlists,0:00:00
2026-08-03,Playlists,0:00:00
2026-08-04,Playlists,0:00:00
2026-08-05,Playlists,0:00:00
2026-08-06,Playlists,0:00:00
2026-08-07,Playlists,0:00:00
2026-08-08,Playlists,0:00:00
2026-08-09,Playlists,0:00:00
2026-08-10,Playlists,0:00:00
2026-08-11,Playlists,0:00:00
2026-08-12,Playlists,0:00:00
2026-08-13,Playlists,0:44:17
2026-08-14,Playlists,0:00:00
2026-08-15,Playlists,0:00:00
2026-08-16,Playlists,0:00:00
2026-08-17,Playlists,0:00:00
2026-08-18,Playlists,0:00:00
2026-08-19,Playlists,0:00:00
2026-08-20,Playlists,0:00:00
2026-08-21,Playlists,0:00:00
2026-08-22,Playlists,0:00:00
2026-08-23,Playlists,0:00:00
2026-08-24,Playlists,0:00:00
2026-08-25,Playlists,0:56:07
2026-08-26,Playlists,0:10:49
2026-08-27,Playlists,0:00:00
2026-08-28,Playlists,0:00:00
2026-08-29,Playlists,0:00:00
2026-08-30,Playlists,0:00:00
2026-08-31,Playlists,0:00:05
2026-09-01,Playlists,0:00:00
2026-09-02,Playlists,0:00:00
2026-09-03,Playlists,0:00:00
2026-09-04,Playlists,0:00:00
2026-09-05,Playlists,0:00:00
2026-09-06,Playlists,0:00:00
2026-09-07,Playlists,0:00:00
2026-09-08,Playlists,0:00:00
2026-09-09,Playlists,0:00:00
2026-09-10,Playlists,
2026-01-01,Notifications,0:00:00
2026-01-02,Notifications,0:00:00
2026-01-03,Notifications,0:00:00
2026-01-04,Notifications,0:00:00
2026-01-05,Notifications,0:00:00
2026-01-06,Notifications,0:00:00
2026-01-07,Notifications,0:00:00
2026-01-08,Notifications,0:00:00
2026-01-09,Notifications,0:00:00
2026-01-10,Notifications,0:00:00
2026-01-11,Notifications,0:00:00
2026-01-12,Notifications,0:00:00
2026-01-13,Notifications,0:00:00
2026-01-14,Notifications,0:00:00
2026-01-15,Notifications,0:00:00
2026-01-16,Notifications,0:00:00
2026-01-17,Notifications,0:00:00
2026-01-18,Notifications,0:00:00
2026-01-19,Notifications,0:00:00
2026-01-20,Notifications,0:00:00
2026-01-21,Notifications,0:00:00
2026-01-22,Notifications,0:00:00
2026-01-23,Notifications,0:00:00
2026-01-24,Notifications,0:00:00
2026-01-25,Notifications,0:00:00
2026-01-26,Notifications,0:00:00
2026-01-27,Notifications,0:00:00
2026-01-28,Notifications,0:00:00
2026-01-29,Notifications,0:00:00
2026-01-30,Notifications,0:00:00
2026-01-31,Notifications,0:00:00
2026-02-01,Notifications,0:00:00
2026-02-02,Notifications,0:00:00
2026-02-03,Notifications,0:00:00
2026-02-04,Notifications,0:00:00
2026-02-05,Notifications,0:00:00
2026-02-06,Notifications,0:00:00
2026-02-07,Notifications,0:00:00
2026-02-08,Notifications,0:00:00
2026-02-09,Notifications,0:00:00
2026-02-10,Notifications,0:00:00
2026-02-11,Notifications,0:00:00
2026-02-12,Notifications,0:00:00
2026-02-13,Notifications,0:00:00
2026-02-14,Notifications,0:00:00
2026-02-15,Notifications,0:00:00
2026-02-16,Notifications,0:00:00
2026-02-17,Notifications,0:00:00
2026-02-18,Notifications,0:00:00
2026-02-19,Notifications,0:00:00
2026-02-20,Notifications,0:00:00
2026-02-21,Notifications,0:00:00
2026-02-22,Notifications,0:00:00
2026-02-23,Notifications,0:00:00
2026-02-24,Notifications,0:00:00
2026-02-25,Notifications,0:00:00
2026-02-26,Notifications,0:00:00
2026-02-27,Notifications,0:00:00
2026-02-28,Notifications,0:00:00
2026-03-01,Notifications,0:00:00
2026-03-02,Notifications,0:00:00
2026-03-03,Notifications,0:00:00
2026-03-04,Notifications,0:00:00
2026-03-05,Notifications,0:00:16
2026-03-06,Notifications,0:00:00
2026-03-07,Notifications,0:00:00
2026-03-08,Notifications,0:00:00
2026-03-09,Notifications,0:00:00
2026-03-10,Notifications,0:00:00
2026-03-11,Notifications,0:00:00
2026-03-12,Notifications,0:00:00
2026-03-13,Notifications,0:00:00
2026-03-14,Notifications,0:00:00
2026-03-15,Notifications,0:00:00
2026-03-16,Notifications,0:00:00
2026-03-17,Notifications,0:00:04
2026-03-18,Notifications,0:00:00
2026-03-19,Notifications,0:00:00
2026-03-20,Notifications,0:00:00
2026-03-21,Notifications,0:00:00
2026-03-22,Notifications,0:00:00
2026-03-23,Notifications,0:00:35
2026-03-24,Notifications,0:00:00
2026-03-25,Notifications,0:00:00
2026-03-26,Notifications,0:00:00
2026-03-27,Notifications,0:00:00
2026-03-28,Notifications,
2026-03-29,Notifications,0:00:21
2026-03-30,Notifications,0:00:00
2026-03-31,Notifications,0:00:19
2026-04-01,Notifications,0:00:00
2026-04-02,Notifications,0:00:00
2026-04-03,Notifications,0:00:00
2026-04-04,Notifications,0:00:00
2026-04-05,Notifications,0:00:00
2026-04-06,Notifications,0:00:00
2026-04-07,Notifications,0:00:00
2026-04-08,Notifications,0:00:00
2026-04-09,Notifications,0:00:00
2026-04-10,Notifications,0:00:00
2026-04-11,Notifications,0:00:00
2026-04-12,Notifications,0:00:00
2026-04-13,Notifications,0:00:00
2026-04-14,Notifications,0:00:00
2026-04-15,Notifications,0:00:00
2026-04-16,Notifications,0:00:00
2026-04-17,Notifications,0:00:00
2026-04-18,Notifications,0:00:00
2026-04-19,Notifications,0:00:00
2026-04-20,Notifications,0:00:00
2026-04-21,Notifications,0:00:00
2026-04-22,Notifications,0:00:00
2026-04-23,Notifications,0:00:00
2026-04-24,Notifications,0:00:00
2026-04-25,Notifications,0:00:00
2026-04-26,Notifications,0:00:00
2026-04-27,Notifications,0:00:00
2026-04-28,Notifications,0:00:00
2026-04-29,Notifications,0:00:00
2026-04-30,Notifications,0:00:00
2026-05-01,Notifications,0:00:00
2026-05-02,Notifications,0:00:00
2026-05-03,Notifications,0:00:00
2026-05-04,Notifications,0:00:00
2026-05-05,Notifications,0:00:00
2026-05-06,Notifications,0:00:00
2026-05-07,Notifications,0:00:00
2026-05-08,Notifications,0:00:00
2026-05-09,Notifications,0:00:00
2026-05-10,Notifications,0:00:00
2026-05-11,Notifications,0:00:00
2026-05-12,Notifications,0:00:00
2026-05-13,Notifications,0:00:00
2026-05-14,Notifications,0:00:00
2026-05-15,Notifications,0:00:00
2026-05-16,Notifications,0:00:00
2026-05-17,Notifications,0:00:00
2026-05-18,Notifications,0:00:00
2026-05-19,Notifications,0:00:00
2026-05-20,Notifications,0:00:00
2026-05-21,Notifications,0:00:00
2026-05-22,Notifications,0:00:00
2026-05-23,Notifications,0:00:00
2026-05-24,Notifications,0:00:00
2026-05-25,Notifications,0:00:00
2026-05-26,Notifications,0:00:37
2026-05-27,Notifications,0:00:00
2026-05-28,Notifications,0:00:00
2026-05-29,Notifications,0:00:32
2026-05-30,Notifications,0:00:00
2026-05-31,Notifications,0:00:00
2026-06-01,Notifications,0:00:00
2026-06-02,Notifications,0:00:00
2026-06-03,Notifications,0:00:23
2026-06-04,Notifications,0:00:00
2026-06-05,Notifications,0:00:00
2026-06-06,Notifications,0:00:00
2026-06-07,Notifications,0:00:00
2026-06-08,Notifications,0:00:00
2026-06-09,Notifications,0:00:00
2026-06-10,Notifications,0:00:00
2026-06-11,Notifications,0:00:00
2026-06-12,Notifications,0:00:00
2026-06-13,Notifications,0:00:00
2026-06-14,Notifications,0:00:00
2026-06-15,Notifications,0:00:00
2026-06-16,Notifications,0:00:00
2026-06-17,Notifications,0:00:00
2026-06-18,Notifications,0:00:00
2026-06-19,Notifications,0:01:27
2026-06-20,Notifications,0:00:00
2026-06-21,Notifications,0:00:00
2026-06-22,Notifications,0:00:00
2026-06-23,Notifications,0:00:00
2026-06-24,Notifications,0:00:00
2026-06-25,Notifications,0:00:00
2026-06-26,Notifications,0:00:00
2026-06-27,Notifications,0:00:00
2026-06-28,Notifications,0:00:00
2026-06-29,Notifications,0:00:00
2026-06-30,Notifications,0:00:00
2026-07-01,Notifications,0:00:00
2026-07-02,Notifications,0:00:12
2026-07-03,Notifications,1:02:51
2026-07-04,Notifications,0:00:00
2026-07-05,Notifications,0:00:00
2026-07-06,Notifications,0:00:00
2026-07-07,Notifications,0:00:00
2026-07-08,Notifications,0:00:00
2026-07-09,Notifications,0:00:00
2026-07-10,Notifications,0:00:00
2026-07-11,Notifications,0:00:00
2026-07-12,Notifications,0:00:00
2026-07-13,Notifications,0:00:00
2026-07-14,Notifications,0:00:00
2026-07-15,Notifications,0:00:00
2026-07-16,Notifications,0:00:00
2026-07-17,Notifications,0:00:00
2026-07-18,Notifications,0:00:00
2026-07-19,Notifications,0:00:00
2026-07-20,Notifications,0:00:00
2026-07-21,Notifications,0:00:00
2026-07-22,Notifications,0:00:03
2026-07-23,Notifications,0:00:29
2026-07-24,Notifications,0:00:00
2026-07-25,Notifications,0:00:00
2026-07-26,Notifications,0:00:00
2026-07-27,Notifications,0:00:00
2026-07-28,Notifications,0:00:00
2026-07-29,Notifications,0:00:00
2026-07-30,Notifications,0:00:00
2026-07-31,Notifications,0:00:00
2026-08-01,Notifications,0:00:00
2026-08-02,Notifications,0:00:00
2026-08-03,Notifications,0:00:00
2026-08-04,Notifications,0:00:00
2026-08-05,Notifications,0:00:00
2026-08-06,Notifications,0:00:00
2026-08-07,Notifications,0:00:00
2026-08-08,Notifications,0:00:00
2026-08-09,Notifications,0:00:00
2026-08-10,Notifications,0:00:00
2026-08-11,Notifications,0:00:00
2026-08-12,Notifications,0:00:00
2026-08-13,Notifications,0:00:00
2026-08-14,Notifications,0:00:19
2026-08-15,Notifications,0:00:00
2026-08-16,Notifications,0:00:00
2026-08-17,Notifications,0:00:00
2026-08-18,Notifications,0:00:00
2026-08-19,Notifications,0:00:00
2026-08-20,Notifications,0:00:00
2026-08-21,Notifications,0:00:00
2026-08-22,Notifications,0:00:00
2026-08-23,Notifications,0:00:00
2026-08-24,Notifications,0:00:00
2026-08-25,Notifications,0:00:00
2026-08-26,Notifications,0:00:00
2026-08-27,Notifications,0:00:00
2026-08-28,Notifications,0:00:00
2026-08-29,Notifications,0:00:00
2026-08-30,Notifications,0:00:00
2026-08-31,Notifications,0:00:00
2026-09-01,Notifications,0:00:00
2026-09-02,Notifications,0:00:00
2026-09-03,Notifications,0:00:00
2026-09-04,Notifications,0:00:00
2026-09-05,Notifications,0:00:08
2026-09-06,Notifications,0:00:00
2026-09-07,Notifications,0:00:00
2026-09-08,Notifications,0:00:00
2026-09-09,Notifications,0:00:00
2026-09-10,Notifications,0:00:00
2026-01-01,Shorts feed,0:00:00
2026-01-02,Shorts feed,0:00:00
2026-01-03,Shorts feed,0:00:00
2026-01-04,Shorts feed,0:00:00
2026-01-05,Shorts feed,0:00:00
2026-01-06,Shorts feed,0:00:00
2026-01-07,Shorts feed,0:00:00
2026-01-08,Shorts feed,0:00:00
2026-01-09,Shorts feed,0:00:00
2026-01-10,Shorts feed,0:00:00
2026-01-11,Shorts feed,0:00:00
2026-01-12,Shorts feed,0:00:00
2026-01-13,Shorts feed,0:00:00
2026-01-14,Shorts feed,0:00:00
2026-01-15,Shorts feed,0:00:00
2026-01-16,Shorts feed,0:00:00
2026-01-17,Shorts feed,0:00:00
2026-01-18,Shorts feed,0:00:00
2026-01-19,Shorts feed,0:00:00
2026-01-20,Shorts feed,0:00:00
2026-01-21,Shorts feed,0:00:00
2026-01-22,Shorts feed,0:00:00
2026-01-23,Shorts feed,0:00:00
2026-01-24,Shorts feed,0:00:00
2026-01-25,Shorts feed,0:00:00
2026-01-26,Shorts feed,0:00:00
2026-01-27,Shorts feed,0:00:00
2026-01-28,Shorts feed,0:00:00
2026-01-29,Shorts feed,0:00:00
2026-01-30,Shorts feed,0:00:00
2026-01-31,Shorts feed,0:00:00
2026-02-01,Shorts feed,0:00:00
2026-02-02,Shorts feed,0:00:00
2026-02-03,Shorts feed,0:00:00
2026-02-04,Shorts feed,0:00:00
2026-02-05,Shorts feed,0:00:00
2026-02-06,Shorts feed,0:00:00
2026-02-07,Shorts feed,0:00:00
2026-02-08,Shorts feed,0:00:00
2026-02-09,Shorts feed,0:00:00
2026-02-10,Shorts feed,0:00:00
2026-02-11,Shorts feed,0:00:00
2026-02-12,Shorts feed,0:00:00
2026-02-13,Shorts feed,0:00:00
2026-02-14,Shorts feed,0:00:00
2026-02-15,Shorts feed,0:00:00
2026-02-16,Shorts feed,0:00:00
2026-02-17,Shorts feed,0:00:00
2026-02-18,Shorts feed,0:00:00
2026-02-19,Shorts feed,0:00:00
2026-02-20,Shorts feed,0:00:00
2026-02-21,Shorts feed,0:00:00
2026-02-22,Shorts feed,0:00:00
2026-02-23,Shorts feed,0:00:00
2026-02-24,Shorts feed,0:00:00
2026-02-25,Shorts feed,0:00:00
2026-02-26,Shorts feed,0:00:00
2026-02-27,Shorts feed,0:00:00
2026-02-28,Shorts feed,0:00:00
2026-03-01,Shorts feed,0:00:00
2026-03-02,Shorts feed,0:00:00
2026-03-03,Shorts feed,0:00:00
2026-03-04,Shorts feed,
2026-03-05,Shorts feed,0:00:26
2026-03-06,Shorts feed,0:00:59
2026-03-07,Shorts feed,0:00:40
2026-03-08,Shorts feed,0:02:49
2026-03-09,Shorts feed,0:00:58
2026-03-10,Shorts feed,0:01:50
2026-03-11,Shorts feed,0:00:00
2026-03-12,Shorts feed,0:00:50
2026-03-13,Shorts feed,0:00:00
2026-03-14,Shorts feed,0:00:00
2026-03-15,Shorts feed,0:00:00
2026-03-16,Shorts feed,0:00:09
2026-03-17,Shorts feed,0:00:29
2026-03-18,Shorts feed,0:00:27
2026-03-19,Shorts feed,0:00:52
2026-03-20,Shorts feed,0:00:00
2026-03-21,Shorts feed,0:00:15
2026-03-22,Shorts feed,
2026-03-23,Shorts feed,0:00:00
2026-03-24,Shorts feed,0:00:00
2026-03-25,Shorts feed,0:00:00
2026-03-26,Shorts feed,
2026-03-27,Shorts feed,0:00:46
2026-03-28,Shorts feed,0:00:10
2026-03-29,Shorts feed,0:00:14
2026-03-30,Shorts feed,0:00:11
2026-03-31,Shorts feed,
2026-04-01,Shorts feed,
2026-04-02,Shorts feed,0:00:00
2026-04-03,Shorts feed,0:00:00
2026-04-04,Shorts feed,0:00:00
2026-04-05,Shorts feed,0:00:00
2026-04-06,Shorts feed,0:00:00
2026-04-07,Shorts feed,0:00:00
2026-04-08,Shorts feed,0:00:00
2026-04-09,Shorts feed,0:00:00
2026-04-10,Shorts feed,0:00:00
2026-04-11,Shorts feed,0:00:00
2026-04-12,Shorts feed,0:00:04
2026-04-13,Shorts feed,0:00:00
2026-04-14,Shorts feed,0:00:00
2026-04-15,Shorts feed,0:00:00
2026-04-16,Shorts feed,0:00:00
2026-04-17,Shorts feed,0:00:00
2026-04-18,Shorts feed,0:00:00
2026-04-19,Shorts feed,0:00:00
2026-04-20,Shorts feed,0:00:00
2026-04-21,Shorts feed,0:00:00
2026-04-22,Shorts feed,0:00:00
2026-04-23,Shorts feed,0:00:00
2026-04-24,Shorts feed,0:00:00
2026-04-25,Shorts feed,0:00:00
2026-04-26,Shorts feed,0:00:00
2026-04-27,Shorts feed,0:00:00
2026-04-28,Shorts feed,0:00:00
2026-04-29,Shorts feed,0:00:00
2026-04-30,Shorts feed,0:00:00
2026-05-01,Shorts feed,0:00:00
2026-05-02,Shorts feed,0:00:00
2026-05-03,Shorts feed,0:00:00
2026-05-04,Shorts feed,0:00:00
2026-05-05,Shorts feed,0:00:00
2026-05-06,Shorts feed,0:00:00
2026-05-07,Shorts feed,0:00:00
2026-05-08,Shorts feed,0:00:00
2026-05-09,Shorts feed,0:00:00
2026-05-10,Shorts feed,0:00:00
2026-05-11,Shorts feed,0:00:00
2026-05-12,Shorts feed,0:00:00
2026-05-13,Shorts feed,0:00:00
2026-05-14,Shorts feed,0:00:00
2026-05-15,Shorts feed,0:00:00
2026-05-16,Shorts feed,0:00:00
2026-05-17,Shorts feed,0:00:00
2026-05-18,Shorts feed,0:00:00
2026-05-19,Shorts feed,0:00:00
2026-05-20,Shorts feed,0:00:00
2026-05-21,Shorts feed,0:00:00
2026-05-22,Shorts feed,0:00:00
2026-05-23,Shorts feed,0:00:00
2026-05-24,Shorts feed,0:00:17
2026-05-25,Shorts feed,0:00:00
2026-05-26,Shorts feed,0:00:15
2026-05-27,Shorts feed,0:00:00
2026-05-28,Shorts feed,
2026-05-29,Shorts feed,0:00:00
2026-05-30,Shorts feed,0:00:00
2026-05-31,Shorts feed,0:00:05
2026-06-01,Shorts feed,0:00:00
2026-06-02,Shorts feed,0:00:00
2026-06-03,Shorts feed,0:00:00
2026-06-04,Shorts feed,0:00:00
2026-06-05,Shorts feed,0:00:00
2026-06-06,Shorts feed,0:00:00
2026-06-07,Shorts feed,0:00:00
2026-06-08,Shorts feed,0:00:00
2026-06-09,Shorts feed,0:00:00
2026-06-10,Shorts feed,0:00:38
2026-06-11,Shorts feed,0:00:00
2026-06-12,Shorts feed,0:00:00
2026-06-13,Shorts feed,0:00:00
2026-06-14,Shorts feed,0:00:00
2026-06-15,Shorts feed,0:00:00
2026-06-16,Shorts feed,0:00:00
2026-06-17,Shorts feed,0:00:00
2026-06-18,Shorts feed,0:00:00
2026-06-19,Shorts feed,0:00:00
2026-06-20,Shorts feed,0:00:00
2026-06-21,Shorts feed,0:00:00
2026-06-22,Shorts feed,0:00:00
2026-06-23,Shorts feed,0:00:00
2026-06-24,Shorts feed,0:00:00
2026-06-25,Shorts feed,0:00:00
2026-06-26,Shorts feed,0:00:00
2026-06-27,Shorts feed,0:00:00
2026-06-28,Shorts feed,0:00:00
2026-06-29,Shorts feed,0:00:00
2026-06-30,Shorts feed,0:00:00
2026-07-01,Shorts feed,0:00:00
2026-07-02,Shorts feed,0:00:00
2026-07-03,Shorts feed,0:00:00
2026-07-04,Shorts feed,0:00:00
2026-07-05,Shorts feed,0:00:00
2026-07-06,Shorts feed,0:00:00
2026-07-07,Shorts feed,0:00:00
2026-07-08,Shorts feed,0:00:00
2026-07-09,Shorts feed,0:00:00
2026-07-10,Shorts feed,0:00:00
2026-07-11,Shorts feed,0:00:00
2026-07-12,Shorts feed,0:00:00
2026-07-13,Shorts feed,0:00:00
2026-07-14,Shorts feed,0:00:00
2026-07-15,Shorts feed,0:00:00
2026-07-16,Shorts feed,0:00:00
2026-07-17,Shorts feed,0:00:00
2026-07-18,Shorts feed,0:00:00
2026-07-19,Shorts feed,0:00:00
2026-07-20,Shorts feed,0:00:00
2026-07-21,Shorts feed,0:00:00
2026-07-22,Shorts feed,0:00:00
2026-07-23,Shorts feed,0:00:00
2026-07-24,Shorts feed,0:00:00
2026-07-25,Shorts feed,0:00:00
2026-07-26,Shorts feed,0:00:00
2026-07-27,Shorts feed,0:00:00
2026-07-28,Shorts feed,0:00:00
2026-07-29,Shorts feed,0:00:00
2026-07-30,Shorts feed,0:00:00
2026-07-31,Shorts feed,0:00:00
2026-08-01,Shorts feed,0:00:00
2026-08-02,Shorts feed,0:00:00
2026-08-03,Shorts feed,0:00:00
2026-08-04,Shorts feed,0:00:00
2026-08-05,Shorts feed,0:00:00
2026-08-06,Shorts feed,0:00:00
2026-08-07,Shorts feed,0:00:00
2026-08-08,Shorts feed,0:00:00
2026-08-09,Shorts feed,0:00:00
2026-08-10,Shorts feed,0:00:00
2026-08-11,Shorts feed,0:00:00
2026-08-12,Shorts feed,0:00:00
2026-08-13,Shorts feed,0:00:00
2026-08-14,Shorts feed,0:00:00
2026-08-15,Shorts feed,0:00:00
2026-08-16,Shorts feed,0:00:00
2026-08-17,Shorts feed,0:00:00
2026-08-18,Shorts feed,0:00:00
2026-08-19,Shorts feed,0:00:00
2026-08-20,Shorts feed,0:00:00
2026-08-21,Shorts feed,0:00:00
2026-08-22,Shorts feed,0:00:00
2026-08-23,Shorts feed,0:00:00
2026-08-24,Shorts feed,0:00:00
2026-08-25,Shorts feed,0:00:00
2026-08-26,Shorts feed,0:00:00
2026-08-27,Shorts feed,0:00:00
2026-08-28,Shorts feed,0:00:00
2026-08-29,Shorts feed,0:00:00
2026-08-30,Shorts feed,0:00:00
2026-08-31,Shorts feed,0:00:00
2026-09-01,Shorts feed,0:00:00
2026-09-02,Shorts feed,0:00:00
2026-09-03,Shorts feed,0:00:00
2026-09-04,Shorts feed,0:00:00
2026-09-05,Shorts feed,0:00:00
2026-09-06,Shorts feed,0:00:00
2026-09-07,Shorts feed,0:00:00
2026-09-08,Shorts feed,0:00:00
2026-09-09,Shorts feed,0:00:00
2026-09-10,Shorts feed,0:00:00
2026-01-01,Sound pages,0:00:00
2026-01-02,Sound pages,0:00:00
2026-01-03,Sound pages,0:00:00
2026-01-04,Sound pages,0:00:00
2026-01-05,Sound pages,0:00:00
2026-01-06,Sound pages,0:00:00
2026-01-07,Sound pages,0:00:00
2026-01-08,Sound pages,0:00:00
2026-01-09,Sound pages,0:00:00
2026-01-10,Sound pages,0:00:00
2026-01-11,Sound pages,0:00:00
2026-01-12,Sound pages,0:00:00
2026-01-13,Sound pages,0:00:00
2026-01-14,Sound pages,0:00:00
2026-01-15,Sound pages,0:00:00
2026-01-16,Sound pages,0:00:00
2026-01-17,Sound pages,0:00:00
2026-01-18,Sound pages,0:00:00
2026-01-19,Sound pages,0:00:00
2026-01-20,Sound pages,0:00:00
2026-01-21,Sound pages,0:00:00
2026-01-22,Sound pages,0:00:00
2026-01-23,Sound pages,0:00:00
2026-01-24,Sound pages,0:00:00
2026-01-25,Sound pages,0:00:00
2026-01-26,Sound pages,0:00:00
2026-01-27,Sound pages,0:00:00
2026-01-28,Sound pages,0:00:00
2026-01-29,Sound pages,0:00:00
2026-01-30,Sound pages,0:00:00
2026-01-31,Sound pages,0:00:00
2026-02-01,Sound pages,0:00:00
2026-02-02,Sound pages,0:00:00
2026-02-03,Sound pages,0:00:00
2026-02-04,Sound pages,0:00:00
2026-02-05,Sound pages,0:00:00
2026-02-06,Sound pages,0:00:00
2026-02-07,Sound pages,0:00:00
2026-02-08,Sound pages,0:00:00
2026-02-09,Sound pages,0:00:00
2026-02-10,Sound pages,0:00:00
2026-02-11,Sound pages,0:00:00
2026-02-12,Sound pages,0:00:00
2026-02-13,Sound pages,0:00:00
2026-02-14,Sound pages,0:00:00
2026-02-15,Sound pages,0:00:00
2026-02-16,Sound pages,0:00:00
2026-02-17,Sound pages,0:00:00
2026-02-18,Sound pages,0:00:00
2026-02-19,Sound pages,0:00:00
2026-02-20,Sound pages,0:00:00
2026-02-21,Sound pages,0:00:00
2026-02-22,Sound pages,0:00:00
2026-02-23,Sound pages,0:00:00
2026-02-24,Sound pages,0:00:00
2026-02-25,Sound pages,0:00:00
2026-02-26,Sound pages,0:00:00
2026-02-27,Sound pages,0:00:00
2026-02-28,Sound pages,0:00:00
2026-03-01,Sound pages,0:00:00
2026-03-02,Sound pages,0:00:00
2026-03-03,Sound pages,0:00:00
2026-03-04,Sound pages,0:00:00
2026-03-05,Sound pages,0:00:00
2026-03-06,Sound pages,0:00:00
2026-03-07,Sound pages,0:00:00
2026-03-08,Sound pages,0:00:00
2026-03-09,Sound pages,0:00:00
2026-03-10,Sound pages,0:00:00
2026-03-11,Sound pages,0:00:00
2026-03-12,Sound pages,0:00:00
2026-03-13,Sound pages,0:00:00
2026-03-14,Sound pages,0:00:00
2026-03-15,Sound pages,0:00:00
2026-03-16,Sound pages,0:00:00
2026-03-17,Sound pages,0:00:40
2026-03-18,Sound pages,0:00:00
2026-03-19,Sound pages,0:00:00
2026-03-20,Sound pages,0:00:00
2026-03-21,Sound pages,0:00:00
2026-03-22,Sound pages,0:00:00
2026-03-23,Sound pages,0:00:00
2026-03-24,Sound pages,0:00:00
2026-03-25,Sound pages,0:00:00
2026-03-26,Sound pages,0:00:00
2026-03-27,Sound pages,0:00:00
2026-03-28,Sound pages,0:00:00
2026-03-29,Sound pages,0:00:00
2026-03-30,Sound pages,0:00:00
2026-03-31,Sound pages,0:00:00
2026-04-01,Sound pages,0:00:00
2026-04-02,Sound pages,0:00:00
2026-04-03,Sound pages,0:00:00
2026-04-04,Sound pages,0:00:00
2026-04-05,Sound pages,0:00:00
2026-04-06,Sound pages,0:00:00
2026-04-07,Sound pages,0:00:00
2026-04-08,Sound pages,0:00:00
2026-04-09,Sound pages,0:00:00
2026-04-10,Sound pages,0:00:00
2026-04-11,Sound pages,0:00:00
2026-04-12,Sound pages,0:00:00
2026-04-13,Sound pages,0:00:00
2026-04-14,Sound pages,0:00:00
2026-04-15,Sound pages,0:00:00
2026-04-16,Sound pages,0:00:00
2026-04-17,Sound pages,0:00:00
2026-04-18,Sound pages,0:00:00
2026-04-19,Sound pages,0:00:00
2026-04-20,Sound pages,0:00:00
2026-04-21,Sound pages,0:00:00
2026-04-22,Sound pages,0:00:00
2026-04-23,Sound pages,0:00:00
2026-04-24,Sound pages,0:00:00
2026-04-25,Sound pages,0:00:00
2026-04-26,Sound pages,0:00:00
2026-04-27,Sound pages,0:00:00
2026-04-28,Sound pages,0:00:00
2026-04-29,Sound pages,0:00:00
2026-04-30,Sound pages,0:00:00
2026-05-01,Sound pages,0:00:00
2026-05-02,Sound pages,0:00:00
2026-05-03,Sound pages,0:00:00
2026-05-04,Sound pages,0:00:00
2026-05-05,Sound pages,0:00:00
2026-05-06,Sound pages,0:00:00
2026-05-07,Sound pages,0:00:00
2026-05-08,Sound pages,0:00:00
2026-05-09,Sound pages,0:00:00
2026-05-10,Sound pages,0:00:00
2026-05-11,Sound pages,0:00:00
2026-05-12,Sound pages,0:00:00
2026-05-13,Sound pages,0:00:00
2026-05-14,Sound pages,0:00:00
2026-05-15,Sound pages,0:00:00
2026-05-16,Sound pages,0:00:00
2026-05-17,Sound pages,0:00:00
2026-05-18,Sound pages,0:00:00
2026-05-19,Sound pages,0:00:00
2026-05-20,Sound pages,0:00:00
2026-05-21,Sound pages,0:00:00
2026-05-22,Sound pages,0:00:00
2026-05-23,Sound pages,0:00:00
2026-05-24,Sound pages,0:00:00
2026-05-25,Sound pages,0:00:00
2026-05-26,Sound pages,0:00:00
2026-05-27,Sound pages,0:00:00
2026-05-28,Sound pages,0:00:00
2026-05-29,Sound pages,0:00:00
2026-05-30,Sound pages,0:00:00
2026-05-31,Sound pages,0:00:00
2026-06-01,Sound pages,0:00:00
2026-06-02,Sound pages,0:00:00
2026-06-03,Sound pages,0:00:00
2026-06-04,Sound pages,0:00:00
2026-06-05,Sound pages,0:00:00
2026-06-06,Sound pages,0:00:00
2026-06-07,Sound pages,0:00:00
2026-06-08,Sound pages,0:00:00
2026-06-09,Sound pages,0:00:00
2026-06-10,Sound pages,0:00:00
2026-06-11,Sound pages,0:00:00
2026-06-12,Sound pages,0:00:00
2026-06-13,Sound pages,0:00:00
2026-06-14,Sound pages,0:00:00
2026-06-15,Sound pages,0:00:00
2026-06-16,Sound pages,0:00:00
2026-06-17,Sound pages,0:00:00
2026-06-18,Sound pages,0:00:00
2026-06-19,Sound pages,0:00:00
2026-06-20,Sound pages,0:00:00
2026-06-21,Sound pages,0:00:00
2026-06-22,Sound pages,0:00:00
2026-06-23,Sound pages,0:00:00
2026-06-24,Sound pages,0:00:00
2026-06-25,Sound pages,0:00:00
2026-06-26,Sound pages,0:00:00
2026-06-27,Sound pages,0:00:00
2026-06-28,Sound pages,0:00:00
2026-06-29,Sound pages,0:00:00
2026-06-30,Sound pages,0:00:00
2026-07-01,Sound pages,0:00:00
2026-07-02,Sound pages,0:00:00
2026-07-03,Sound pages,0:00:00
2026-07-04,Sound pages,0:00:00
2026-07-05,Sound pages,0:00:00
2026-07-06,Sound pages,0:00:00
2026-07-07,Sound pages,0:00:00
2026-07-08,Sound pages,0:00:00
2026-07-09,Sound pages,0:00:00
2026-07-10,Sound pages,0:00:00
2026-07-11,Sound pages,0:00:00
2026-07-12,Sound pages,0:00:00
2026-07-13,Sound pages,0:00:00
2026-07-14,Sound pages,0:00:00
2026-07-15,Sound pages,0:00:00
2026-07-16,Sound pages,0:00:00
2026-07-17,Sound pages,0:00:00
2026-07-18,Sound pages,0:00:00
2026-07-19,Sound pages,0:00:00
2026-07-20,Sound pages,0:00:00
2026-07-21,Sound pages,0:00:00
2026-07-22,Sound pages,0:00:00
2026-07-23,Sound pages,0:00:00
2026-07-24,Sound pages,0:00:00
2026-07-25,Sound pages,0:00:00
2026-07-26,Sound pages,0:00:00
2026-07-27,Sound pages,0:00:00
2026-07-28,Sound pages,0:00:00
2026-07-29,Sound pages,0:00:00
2026-07-30,Sound pages,0:00:00
2026-07-31,Sound pages,0:00:00
2026-08-01,Sound pages,0:00:00
2026-08-02,Sound pages,0:00:00
2026-08-03,Sound pages,0:00:00
2026-08-04,Sound pages,0:00:00
2026-08-05,Sound pages,0:00:00
2026-08-06,Sound pages,0:00:00
2026-08-07,Sound pages,0:00:00
2026-08-08,Sound pages,0:00:00
2026-08-09,Sound pages,0:00:00
2026-08-10,Sound pages,0:00:00
2026-08-11,Sound pages,0:00:00
2026-08-12,Sound pages,0:00:00
2026-08-13,Sound pages,0:00:00
2026-08-14,Sound pages,0:00:00
2026-08-15,Sound pages,0:00:00
2026-08-16,Sound pages,0:00:00
2026-08-17,Sound pages,0:00:00
2026-08-18,Sound pages,0:00:00
2026-08-19,Sound pages,0:00:00
2026-08-20,Sound pages,0:00:00
2026-08-21,Sound pages,0:00:00
2026-08-22,Sound pages,0:00:00
2026-08-23,Sound pages,0:00:00
2026-08-24,Sound pages,0:00:00
2026-08-25,Sound pages,0:00:00
2026-08-26,Sound pages,0:00:00
2026-08-27,Sound pages,0:00:00
2026-08-28,Sound pages,0:00:00
2026-08-29,Sound pages,0:00:00
2026-08-30,Sound pages,0:00:00
2026-08-31,Sound pages,0:00:00
2026-09-01,Sound pages,0:00:00
2026-09-02,Sound pages,0:00:00
2026-09-03,Sound pages,0:00:00
2026-09-04,Sound pages,0:00:00
2026-09-05,Sound pages,0:00:00
2026-09-06,Sound pages,0:00:00
2026-09-07,Sound pages,0:00:00
2026-09-08,Sound pages,0:00:00
2026-09-09,Sound pages,0:00:00
2026-09-10,Sound pages,0:00:00
2026-01-01,Related Shorts,0:00:00
2026-01-02,Related Shorts,0:00:00
2026-01-03,Related Shorts,0:00:00
2026-01-04,Related Shorts,0:00:00
2026-01-05,Related Shorts,0:00:00
2026-01-06,Related Shorts,0:00:00
2026-01-07,Related Shorts,0:00:00
2026-01-08,Related Shorts,0:00:00
2026-01-09,Related Shorts,0:00:00
2026-01-10,Related Shorts,0:00:00
2026-01-11,Related Shorts,0:00:00
2026-01-12,Related Shorts,0:00:00
2026-01-13,Related Shorts,0:00:00
2026-01-14,Related Shorts,0:00:00
2026-01-15,Related Shorts,0:00:00
2026-01-16,Related Shorts,0:00:00
2026-01-17,Related Shorts,0:00:00
2026-01-18,Related Shorts,0:00:00
2026-01-19,Related Shorts,0:00:00
2026-01-20,Related Shorts,0:00:00
2026-01-21,Related Shorts,0:00:00
2026-01-22,Related Shorts,0:00:00
2026-01-23,Related Shorts,0:00:00
2026-01-24,Related Shorts,0:00:00
2026-01-25,Related Shorts,0:00:00
2026-01-26,Related Shorts,0:00:00
2026-01-27,Related Shorts,0:00:00
2026-01-28,Related Shorts,0:00:00
2026-01-29,Related Shorts,0:00:00
2026-01-30,Related Shorts,0:00:00
2026-01-31,Related Shorts,0:00:00
2026-02-01,Related Shorts,0:00:00
2026-02-02,Related Shorts,0:00:00
2026-02-03,Related Shorts,0:00:00
2026-02-04,Related Shorts,0:00:00
2026-02-05,Related Shorts,0:00:00
2026-02-06,Related Shorts,0:00:00
2026-02-07,Related Shorts,0:00:00
2026-02-08,Related Shorts,0:00:00
2026-02-09,Related Shorts,0:00:00
2026-02-10,Related Shorts,0:00:00
2026-02-11,Related Shorts,0:00:00
2026-02-12,Related Shorts,0:00:00
2026-02-13,Related Shorts,0:00:00
2026-02-14,Related Shorts,0:00:00
2026-02-15,Related Shorts,0:00:00
2026-02-16,Related Shorts,0:00:00
2026-02-17,Related Shorts,0:00:00
2026-02-18,Related Shorts,0:00:00
2026-02-19,Related Shorts,0:00:00
2026-02-20,Related Shorts,0:00:00
2026-02-21,Related Shorts,0:00:00
2026-02-22,Related Shorts,0:00:00
2026-02-23,Related Shorts,0:00:00
2026-02-24,Related Shorts,0:00:00
2026-02-25,Related Shorts,0:00:00
2026-02-26,Related Shorts,0:00:00
2026-02-27,Related Shorts,0:00:00
2026-02-28,Related Shorts,0:00:00
2026-03-01,Related Shorts,0:00:00
2026-03-02,Related Shorts,0:00:00
2026-03-03,Related Shorts,0:00:00
2026-03-04,Related Shorts,0:00:00
2026-03-05,Related Shorts,0:00:02
2026-03-06,Related Shorts,0:00:06
2026-03-07,Related Shorts,0:00:00
2026-03-08,Related Shorts,0:00:00
2026-03-09,Related Shorts,0:00:00
2026-03-10,Related Shorts,0:00:00
2026-03-11,Related Shorts,0:00:00
2026-03-12,Related Shorts,0:00:00
2026-03-13,Related Shorts,0:00:00
2026-03-14,Related Shorts,0:00:00
2026-03-15,Related Shorts,0:00:00
2026-03-16,Related Shorts,0:00:00
2026-03-17,Related Shorts,0:00:00
2026-03-18,Related Shorts,0:00:00
2026-03-19,Related Shorts,0:00:00
2026-03-20,Related Shorts,0:00:00
2026-03-21,Related Shorts,0:00:00
2026-03-22,Related Shorts,0:00:00
2026-03-23,Related Shorts,0:00:00
2026-03-24,Related Shorts,0:00:00
2026-03-25,Related Shorts,0:00:00
2026-03-26,Related Shorts,0:00:00
2026-03-27,Related Shorts,0:00:13
2026-03-28,Related Shorts,0:00:00
2026-03-29,Related Shorts,0:00:00
2026-03-30,Related Shorts,0:00:00
2026-03-31,Related Shorts,0:00:00
2026-04-01,Related Shorts,0:00:00
2026-04-02,Related Shorts,0:00:00
2026-04-03,Related Shorts,0:00:00
2026-04-04,Related Shorts,0:00:00
2026-04-05,Related Shorts,0:00:00
2026-04-06,Related Shorts,0:00:00
2026-04-07,Related Shorts,0:00:00
2026-04-08,Related Shorts,0:00:00
2026-04-09,Related Shorts,0:00:00
2026-04-10,Related Shorts,0:00:00
2026-04-11,Related Shorts,0:00:00
2026-04-12,Related Shorts,0:00:00
2026-04-13,Related Shorts,0:00:00
2026-04-14,Related Shorts,0:00:00
2026-04-15,Related Shorts,0:00:00
2026-04-16,Related Shorts,0:00:00
2026-04-17,Related Shorts,0:00:00
2026-04-18,Related Shorts,0:00:00
2026-04-19,Related Shorts,0:00:00
2026-04-20,Related Shorts,0:00:00
2026-04-21,Related Shorts,0:00:00
2026-04-22,Related Shorts,0:00:00
2026-04-23,Related Shorts,0:00:00
2026-04-24,Related Shorts,0:00:00
2026-04-25,Related Shorts,0:00:00
2026-04-26,Related Shorts,0:00:00
2026-04-27,Related Shorts,0:00:00
2026-04-28,Related Shorts,0:00:00
2026-04-29,Related Shorts,0:00:00
2026-04-30,Related Shorts,0:00:00
2026-05-01,Related Shorts,0:00:00
2026-05-02,Related Shorts,0:00:00
2026-05-03,Related Shorts,0:00:00
2026-05-04,Related Shorts,0:00:00
2026-05-05,Related Shorts,0:00:00
2026-05-06,Related Shorts,0:00:00
2026-05-07,Related Shorts,0:00:00
2026-05-08,Related Shorts,0:00:00
2026-05-09,Related Shorts,0:00:00
2026-05-10,Related Shorts,0:00:00
2026-05-11,Related Shorts,0:00:00
2026-05-12,Related Shorts,0:00:00
2026-05-13,Related Shorts,0:00:00
2026-05-14,Related Shorts,0:00:00
2026-05-15,Related Shorts,0:00:00
2026-05-16,Related Shorts,0:00:00
2026-05-17,Related Shorts,0:00:00
2026-05-18,Related Shorts,0:00:00
2026-05-19,Related Shorts,0:00:00
2026-05-20,Related Shorts,0:00:00
2026-05-21,Related Shorts,0:00:00
2026-05-22,Related Shorts,0:00:00
2026-05-23,Related Shorts,0:00:00
2026-05-24,Related Shorts,0:00:00
2026-05-25,Related Shorts,0:00:00
2026-05-26,Related Shorts,0:00:00
2026-05-27,Related Shorts,0:00:00
2026-05-28,Related Shorts,0:00:00
2026-05-29,Related Shorts,0:00:00
2026-05-30,Related Shorts,0:00:00
2026-05-31,Related Shorts,0:00:00
2026-06-01,Related Shorts,0:00:00
2026-06-02,Related Shorts,0:00:00
2026-06-03,Related Shorts,0:00:00
2026-06-04,Related Shorts,0:00:00
2026-06-05,Related Shorts,0:00:00
2026-06-06,Related Shorts,0:00:00
2026-06-07,Related Shorts,0:00:00
2026-06-08,Related Shorts,0:00:00
2026-06-09,Related Shorts,0:00:00
2026-06-10,Related Shorts,0:00:00
2026-06-11,Related Shorts,0:00:00
2026-06-12,Related Shorts,0:00:00
2026-06-13,Related Shorts,0:00:00
2026-06-14,Related Shorts,0:00:00
2026-06-15,Related Shorts,0:00:00
2026-06-16,Related Shorts,0:00:00
2026-06-17,Related Shorts,0:00:00
2026-06-18,Related Shorts,0:00:00
2026-06-19,Related Shorts,0:00:00
2026-06-20,Related Shorts,0:00:00
2026-06-21,Related Shorts,0:00:00
2026-06-22,Related Shorts,0:00:00
2026-06-23,Related Shorts,0:00:00
2026-06-24,Related Shorts,0:00:00
2026-06-25,Related Shorts,0:00:00
2026-06-26,Related Shorts,0:00:00
2026-06-27,Related Shorts,0:00:00
2026-06-28,Related Shorts,0:00:00
2026-06-29,Related Shorts,0:00:00
2026-06-30,Related Shorts,0:00:00
2026-07-01,Related Shorts,0:00:00
2026-07-02,Related Shorts,0:00:00
2026-07-03,Related Shorts,0:00:00
2026-07-04,Related Shorts,0:00:00
2026-07-05,Related Shorts,0:00:00
2026-07-06,Related Shorts,0:00:00
2026-07-07,Related Shorts,0:00:00
2026-07-08,Related Shorts,0:00:00
2026-07-09,Related Shorts,0:00:00
2026-07-10,Related Shorts,0:00:00
2026-07-11,Related Shorts,0:00:00
2026-07-12,Related Shorts,0:00:00
2026-07-13,Related Shorts,0:00:00
2026-07-14,Related Shorts,0:00:00
2026-07-15,Related Shorts,0:00:00
2026-07-16,Related Shorts,0:00:00
2026-07-17,Related Shorts,0:00:00
2026-07-18,Related Shorts,0:00:00
2026-07-19,Related Shorts,0:00:00
2026-07-20,Related Shorts,0:00:00
2026-07-21,Related Shorts,0:00:00
2026-07-22,Related Shorts,0:00:00
2026-07-23,Related Shorts,0:00:00
2026-07-24,Related Shorts,0:00:00
2026-07-25,Related Shorts,0:00:00
2026-07-26,Related Shorts,0:00:00
2026-07-27,Related Shorts,0:00:00
2026-07-28,Related Shorts,0:00:00
2026-07-29,Related Shorts,0:00:00
2026-07-30,Related Shorts,0:00:00
2026-07-31,Related Shorts,0:00:00
2026-08-01,Related Shorts,0:00:00
2026-08-02,Related Shorts,0:00:00
2026-08-03,Related Shorts,0:00:00
2026-08-04,Related Shorts,0:00:00
2026-08-05,Related Shorts,0:00:00
2026-08-06,Related Shorts,0:00:00
2026-08-07,Related Shorts,0:00:00
2026-08-08,Related Shorts,0:00:00
2026-08-09,Related Shorts,0:00:00
2026-08-10,Related Shorts,0:00:00
2026-08-11,Related Shorts,0:00:00
2026-08-12,Related Shorts,0:00:00
2026-08-13,Related Shorts,0:00:00
2026-08-14,Related Shorts,0:00:00
2026-08-15,Related Shorts,0:00:00
2026-08-16,Related Shorts,0:00:00
2026-08-17,Related Shorts,0:00:00
2026-08-18,Related Shorts,0:00:00
2026-08-19,Related Shorts,0:00:00
2026-08-20,Related Shorts,0:00:00
2026-08-21,Related Shorts,0:00:00
2026-08-22,Related Shorts,0:00:00
2026-08-23,Related Shorts,0:00:00
2026-08-24,Related Shorts,0:00:00
2026-08-25,Related Shorts,0:00:00
2026-08-26,Related Shorts,0:00:00
2026-08-27,Related Shorts,0:00:00
2026-08-28,Related Shorts,0:00:00
2026-08-29,Related Shorts,0:00:00
2026-08-30,Related Shorts,0:00:00
2026-08-31,Related Shorts,0:00:00
2026-09-01,Related Shorts,0:00:00
2026-09-02,Related Shorts,0:00:00
2026-09-03,Related Shorts,0:00:00
2026-09-04,Related Shorts,0:00:00
2026-09-05,Related Shorts,0:00:00
2026-09-06,Related Shorts,0:00:00
2026-09-07,Related Shorts,0:00:00
2026-09-08,Related Shorts,0:00:00
2026-09-09,Related Shorts,0:00:00
2026-09-10,Related Shorts,0:00:00
